id,user_id,order_date,status,currency_code,gclid,_fivetran_synced
1,34,2025-06-12,completed,GBP,,2025-06-12T08:29:00Z
2,35,2025-05-10,completed,GBP,,2025-05-10T09:39:00Z
3,31,2025-11-19,completed,GBP,,2025-11-19T10:26:00Z
4,17,2026-04-08,refunded,GBP,gclid-16-uuxk0arec2,2026-04-08T08:08:00Z
5,24,2025-06-17,completed,GBP,,2025-06-17T08:50:00Z
6,27,2025-12-10,refunded,GBP,,2025-12-10T07:42:00Z
7,4,2026-04-22,refunded,GBP,gclid-13-rr87iyojtp,2026-04-22T09:59:00Z
8,22,2026-02-28,cancelled,GBP,gclid-4-jvqyiy1sy9,2026-02-28T10:35:00Z
9,29,2025-05-21,completed,GBP,,2025-05-21T23:18:00Z
10,14,2026-01-30,completed,GBP,,2026-01-30T20:07:00Z
11,30,2025-07-04,completed,GBP,,2025-07-04T02:40:00Z
12,18,2025-06-22,refunded,GBP,,2025-06-22T12:24:00Z
13,13,2025-11-12,completed,GBP,,2025-11-12T05:41:00Z
14,5,2025-08-11,completed,GBP,gclid-9-1arxaboflo,2025-08-11T00:32:00Z
15,37,2026-05-05,completed,GBP,,2026-05-05T11:21:00Z
16,19,2026-06-05,completed,GBP,,2026-06-05T05:35:00Z
17,23,2025-10-17,cancelled,GBP,,2025-10-17T20:28:00Z
18,29,2025-12-30,cancelled,GBP,,2025-12-30T00:02:00Z
19,34,2025-05-31,completed,GBP,,2025-05-31T21:55:00Z
20,9,2025-08-03,completed,GBP,gclid-2-63dw4c3evw,2025-08-03T02:51:00Z
21,37,2025-10-23,completed,GBP,,2025-10-23T10:53:00Z
22,7,2026-01-23,completed,GBP,,2026-01-23T20:39:00Z
23,19,2026-02-28,completed,GBP,,2026-02-28T15:44:00Z
24,12,2025-10-28,completed,GBP,,2025-10-28T01:38:00Z
25,23,2026-05-29,refunded,GBP,,2026-05-29T17:15:00Z
26,35,2026-06-16,refunded,GBP,,2026-06-16T14:49:00Z
27,3,2025-06-30,completed,GBP,gclid-12-kpm21b07g2,2025-06-30T15:32:00Z
28,13,2026-01-22,completed,GBP,,2026-01-22T10:14:00Z
29,10,2025-04-28,cancelled,GBP,gclid-15-gnqgmjmbuk,2025-04-28T03:54:00Z
30,40,2026-05-12,completed,GBP,,2026-05-12T18:35:00Z
31,16,2025-11-06,completed,GBP,gclid-14-u6vfua9bq1,2025-11-06T01:27:00Z
32,27,2026-01-11,refunded,GBP,,2026-01-11T04:22:00Z
33,30,2026-03-09,completed,GBP,,2026-03-09T23:37:00Z
34,24,2026-03-27,completed,GBP,,2026-03-27T22:40:00Z
35,28,2025-12-28,completed,GBP,,2025-12-28T22:39:00Z
36,24,2025-04-29,completed,GBP,,2025-04-29T03:24:00Z
37,9,2026-03-30,refunded,GBP,,2026-03-30T07:34:00Z
38,15,2026-03-26,completed,GBP,gclid-9-spbnqs3qt3,2026-03-26T09:28:00Z
39,12,2025-05-12,completed,GBP,gclid-3-djzr5swk8t,2025-05-12T04:30:00Z
40,15,2025-07-06,completed,GBP,,2025-07-06T16:41:00Z
41,34,2025-09-15,completed,GBP,,2025-09-15T14:29:00Z
42,31,2026-05-10,completed,GBP,,2026-05-10T09:49:00Z
43,10,2026-03-29,completed,GBP,gclid-4-blejgublmn,2026-03-29T17:10:00Z
44,35,2025-09-11,completed,GBP,,2025-09-11T10:41:00Z
45,3,2026-04-10,completed,GBP,gclid-4-lo4qdbxvh7,2026-04-10T08:12:00Z
46,26,2025-05-15,cancelled,GBP,gclid-11-vscyozpnam,2025-05-15T09:28:00Z
47,38,2025-10-30,completed,GBP,,2025-10-30T04:13:00Z
48,6,2026-01-28,refunded,GBP,gclid-9-ouz1egntb3,2026-01-28T18:19:00Z
49,8,2026-06-02,completed,GBP,,2026-06-02T09:26:00Z
50,32,2025-06-01,refunded,GBP,,2025-06-01T02:38:00Z
51,17,2026-01-20,completed,GBP,gclid-2-fqymbnw8bk,2026-01-20T20:59:00Z
52,11,2025-05-19,completed,GBP,,2025-05-19T10:52:00Z
53,32,2025-12-22,completed,GBP,,2025-12-22T05:06:00Z
54,34,2026-01-12,completed,GBP,,2026-01-12T22:35:00Z
55,29,2025-10-03,completed,GBP,,2025-10-03T19:33:00Z
56,9,2025-09-05,completed,GBP,,2025-09-05T13:44:00Z
57,17,2025-11-27,completed,GBP,gclid-10-y127h6gmd4,2025-11-27T08:37:00Z
58,5,2025-08-02,completed,GBP,gclid-1-tz8g1a0774,2025-08-02T15:23:00Z
59,27,2025-07-19,completed,GBP,gclid-11-ede1zublek,2025-07-19T19:47:00Z
60,28,2025-08-27,cancelled,GBP,gclid-3-627nayyosy,2025-08-27T03:09:00Z
61,22,2025-10-04,cancelled,GBP,gclid-13-e40kzuj2xo,2025-10-04T15:42:00Z
62,15,2025-08-07,completed,GBP,,2025-08-07T04:01:00Z
63,25,2025-04-14,cancelled,GBP,,2025-04-14T10:09:00Z
64,32,2026-04-20,completed,GBP,,2026-04-20T06:18:00Z
65,28,2026-04-27,completed,GBP,,2026-04-27T03:24:00Z
66,11,2026-05-05,completed,GBP,,2026-05-05T04:19:00Z
67,26,2025-06-20,completed,GBP,gclid-13-wm9lbb4m0a,2025-06-20T20:21:00Z
68,38,2025-07-30,completed,GBP,gclid-3-5egtbxpspa,2025-07-30T15:37:00Z
69,32,2026-01-19,completed,GBP,gclid-7-ms1mwnpr42,2026-01-19T17:13:00Z
70,6,2026-05-17,completed,GBP,,2026-05-17T18:06:00Z
71,20,2026-05-27,completed,GBP,,2026-05-27T17:20:00Z
72,12,2026-03-10,refunded,GBP,,2026-03-10T20:45:00Z
73,40,2026-02-21,completed,GBP,,2026-02-21T13:59:00Z
74,28,2026-03-17,refunded,GBP,,2026-03-17T02:40:00Z
75,39,2025-06-22,completed,GBP,gclid-8-egi3qupxbf,2025-06-22T04:01:00Z
76,32,2026-02-24,cancelled,GBP,,2026-02-24T01:55:00Z
77,37,2025-06-11,completed,GBP,,2025-06-11T03:33:00Z
78,21,2025-06-02,refunded,GBP,gclid-13-307hdhjo5c,2025-06-02T17:23:00Z
79,24,2026-05-07,cancelled,GBP,,2026-05-07T11:52:00Z
80,4,2026-06-05,completed,GBP,,2026-06-05T21:15:00Z
81,35,2026-05-21,completed,GBP,,2026-05-21T14:24:00Z
82,16,2025-05-17,cancelled,GBP,gclid-6-6w51ob537q,2025-05-17T13:59:00Z
83,30,2026-01-06,completed,GBP,,2026-01-06T01:41:00Z
84,8,2025-09-08,completed,GBP,gclid-5-4y2lr0jy32,2025-09-08T06:05:00Z
85,15,2026-01-11,completed,GBP,,2026-01-11T14:12:00Z
86,10,2025-11-06,completed,GBP,gclid-12-guas173rih,2025-11-06T08:18:00Z
87,19,2026-05-11,completed,GBP,,2026-05-11T07:39:00Z
88,26,2026-06-21,completed,GBP,,2026-06-21T22:24:00Z
89,39,2026-03-10,cancelled,GBP,,2026-03-10T01:00:00Z
90,36,2025-10-07,completed,GBP,gclid-6-js75eltfeb,2025-10-07T04:31:00Z
91,11,2025-09-08,completed,GBP,gclid-16-1f4x2bfibj,2025-09-08T22:29:00Z
92,10,2025-11-21,completed,GBP,gclid-3-hk403uxh9a,2025-11-21T18:11:00Z
93,8,2026-03-15,cancelled,GBP,,2026-03-15T18:59:00Z
94,21,2026-02-13,cancelled,GBP,,2026-02-13T23:58:00Z
95,6,2026-04-30,cancelled,GBP,gclid-7-f2k1xerp3l,2026-04-30T21:38:00Z
96,25,2025-07-12,completed,GBP,,2025-07-12T18:38:00Z
97,30,2025-04-21,completed,GBP,,2025-04-21T20:43:00Z
98,20,2025-06-16,cancelled,GBP,,2025-06-16T16:27:00Z
99,27,2025-05-26,completed,GBP,gclid-9-mv1a0q24bo,2025-05-26T22:19:00Z
100,22,2026-02-14,refunded,GBP,,2026-02-14T05:13:00Z
101,35,2026-03-11,completed,GBP,gclid-13-egry58vrw9,2026-03-11T11:44:00Z
102,13,2026-05-23,completed,GBP,,2026-05-23T06:30:00Z
103,31,2026-04-30,completed,GBP,,2026-04-30T03:10:00Z
104,27,2026-04-01,completed,GBP,,2026-04-01T23:37:00Z
105,32,2026-02-08,cancelled,GBP,gclid-2-tplc6prr7m,2026-02-08T22:27:00Z
106,15,2025-11-11,completed,GBP,,2025-11-11T21:21:00Z
107,14,2026-06-07,completed,GBP,gclid-3-yehvdo9khb,2026-06-07T00:22:00Z
108,15,2025-07-26,completed,GBP,,2025-07-26T10:50:00Z
109,7,2025-12-20,completed,GBP,,2025-12-20T14:51:00Z
110,7,2026-01-13,completed,GBP,gclid-4-56fkps0dxm,2026-01-13T04:07:00Z
111,24,2026-04-02,refunded,GBP,,2026-04-02T07:09:00Z
112,2,2026-03-16,completed,GBP,,2026-03-16T00:45:00Z
113,34,2026-01-20,completed,GBP,,2026-01-20T13:25:00Z
114,29,2025-06-15,completed,GBP,,2025-06-15T17:39:00Z
115,9,2026-01-01,completed,GBP,,2026-01-01T17:18:00Z
116,2,2026-04-23,completed,GBP,gclid-9-i109dcnwmb,2026-04-23T20:07:00Z
117,35,2026-04-01,cancelled,GBP,,2026-04-01T07:22:00Z
118,25,2026-03-11,completed,GBP,,2026-03-11T07:06:00Z
119,28,2025-05-21,completed,GBP,,2025-05-21T02:05:00Z
120,34,2025-05-10,completed,GBP,,2025-05-10T17:33:00Z
121,9,2025-06-23,completed,GBP,,2025-06-23T14:08:00Z
122,19,2025-06-01,completed,GBP,gclid-5-eknkbf2p7k,2025-06-01T09:13:00Z
123,3,2025-09-26,completed,GBP,,2025-09-26T18:19:00Z
124,30,2026-04-26,completed,GBP,,2026-04-26T21:28:00Z
125,15,2026-02-14,completed,GBP,,2026-02-14T10:34:00Z
126,11,2026-02-25,completed,GBP,,2026-02-25T18:40:00Z
127,31,2025-12-24,completed,GBP,,2025-12-24T00:07:00Z
128,6,2026-06-29,completed,GBP,,2026-06-29T19:20:00Z
129,17,2025-12-27,completed,GBP,gclid-4-tkg1f8yc8g,2025-12-27T22:03:00Z
130,8,2025-09-13,completed,GBP,gclid-8-1vr1necqor,2025-09-13T13:40:00Z
131,36,2026-03-12,completed,GBP,,2026-03-12T04:19:00Z
132,16,2026-01-02,cancelled,GBP,,2026-01-02T13:58:00Z
133,31,2025-05-01,cancelled,GBP,gclid-9-4nmwvsb0uk,2025-05-01T12:44:00Z
134,33,2025-11-08,completed,GBP,,2025-11-08T10:56:00Z
135,39,2025-07-17,completed,GBP,gclid-5-xar6yo6z1t,2025-07-17T20:41:00Z
136,25,2026-03-11,completed,GBP,,2026-03-11T11:24:00Z
137,13,2025-11-23,completed,GBP,,2025-11-23T07:47:00Z
138,40,2025-07-08,completed,GBP,,2025-07-08T22:14:00Z
139,39,2025-12-09,cancelled,GBP,gclid-7-9wdjsgg0yv,2025-12-09T05:04:00Z
140,2,2026-05-06,completed,GBP,,2026-05-06T22:43:00Z
141,28,2026-06-12,cancelled,GBP,,2026-06-12T13:17:00Z
142,15,2026-04-24,completed,GBP,gclid-14-tlom539iy8,2026-04-24T07:12:00Z
143,2,2025-04-15,completed,GBP,,2025-04-15T20:59:00Z
144,22,2025-09-22,refunded,GBP,,2025-09-22T07:04:00Z
145,9,2026-06-09,completed,GBP,gclid-15-bvpdcb4owo,2026-06-09T19:50:00Z
146,2,2025-09-21,completed,GBP,,2025-09-21T10:37:00Z
147,13,2026-01-29,refunded,GBP,,2026-01-29T04:40:00Z
148,20,2025-04-23,completed,GBP,,2025-04-23T16:41:00Z
149,10,2026-01-26,completed,GBP,gclid-2-phh62myz9v,2026-01-26T10:54:00Z
150,15,2025-07-22,cancelled,GBP,,2025-07-22T14:39:00Z
