id,order_id,product_id,quantity,unit_price,_fivetran_synced
1,1,9,2,29.99,2025-06-12T02:15:00Z
2,1,8,1,14.99,2025-06-12T21:42:00Z
3,2,6,1,119.99,2025-05-10T00:30:00Z
4,3,13,1,24.99,2025-11-19T05:02:00Z
5,3,12,2,34.99,2025-11-19T23:19:00Z
6,4,5,2,79.99,2026-04-08T00:47:00Z
7,4,2,1,64.99,2026-04-08T18:47:00Z
8,5,8,1,14.99,2025-06-17T16:55:00Z
9,5,1,1,19.99,2025-06-17T02:09:00Z
10,5,10,2,49.99,2025-06-17T04:53:00Z
11,6,11,1,69.99,2025-12-10T18:46:00Z
12,6,14,1,39.99,2025-12-10T20:16:00Z
13,7,7,1,44.99,2026-04-22T16:43:00Z
14,7,1,1,19.99,2026-04-22T17:40:00Z
15,7,6,3,119.99,2026-04-22T13:39:00Z
16,8,1,2,19.99,2026-02-28T00:26:00Z
17,9,1,1,19.99,2025-05-21T02:03:00Z
18,10,2,1,64.99,2026-01-30T19:08:00Z
19,10,7,1,44.99,2026-01-30T20:36:00Z
20,10,13,3,24.99,2026-01-30T03:44:00Z
21,11,5,2,79.99,2025-07-04T22:57:00Z
22,11,11,2,69.99,2025-07-04T10:16:00Z
23,12,1,1,19.99,2025-06-22T08:11:00Z
24,13,3,1,89.99,2025-11-12T13:13:00Z
25,13,10,1,49.99,2025-11-12T14:45:00Z
26,14,13,1,24.99,2025-08-11T13:25:00Z
27,14,14,2,39.99,2025-08-11T02:34:00Z
28,14,4,1,54.99,2025-08-11T22:52:00Z
29,15,7,1,44.99,2026-05-05T20:05:00Z
30,15,6,1,119.99,2026-05-05T10:05:00Z
31,16,7,1,44.99,2026-06-05T09:44:00Z
32,17,3,1,89.99,2025-10-17T00:46:00Z
33,17,10,1,49.99,2025-10-17T12:04:00Z
34,17,13,1,24.99,2025-10-17T09:31:00Z
35,18,6,2,119.99,2025-12-30T01:25:00Z
36,19,3,2,89.99,2025-05-31T07:59:00Z
37,19,2,1,64.99,2025-05-31T04:31:00Z
38,19,11,1,69.99,2025-05-31T19:02:00Z
39,20,6,2,119.99,2025-08-03T23:43:00Z
40,21,4,2,54.99,2025-10-23T18:11:00Z
41,21,6,1,119.99,2025-10-23T08:09:00Z
42,21,13,1,24.99,2025-10-23T22:23:00Z
43,21,9,1,29.99,2025-10-23T07:59:00Z
44,22,3,1,89.99,2026-01-23T15:05:00Z
45,22,1,1,19.99,2026-01-23T02:45:00Z
46,23,3,1,89.99,2026-02-28T16:28:00Z
47,24,8,1,14.99,2025-10-28T02:40:00Z
48,25,9,3,29.99,2026-05-29T19:23:00Z
49,26,4,1,54.99,2026-06-16T06:07:00Z
50,26,13,1,24.99,2026-06-16T15:31:00Z
51,27,15,1,17.99,2025-06-30T14:37:00Z
52,28,6,1,119.99,2026-01-22T07:47:00Z
53,28,7,2,44.99,2026-01-22T12:57:00Z
54,28,4,1,54.99,2026-01-22T18:31:00Z
55,29,7,1,44.99,2025-04-28T10:14:00Z
56,29,15,1,17.99,2025-04-28T05:50:00Z
57,30,2,1,64.99,2026-05-12T16:31:00Z
58,30,14,3,39.99,2026-05-12T18:30:00Z
59,30,14,1,39.99,2026-05-12T00:46:00Z
60,31,8,2,14.99,2025-11-06T22:52:00Z
61,31,2,1,64.99,2025-11-06T07:05:00Z
62,32,11,3,69.99,2026-01-11T00:30:00Z
63,33,8,1,14.99,2026-03-09T04:55:00Z
64,34,11,1,69.99,2026-03-27T22:21:00Z
65,35,13,1,24.99,2025-12-28T21:05:00Z
66,35,10,2,49.99,2025-12-28T23:59:00Z
67,36,10,1,49.99,2025-04-29T11:11:00Z
68,36,11,1,69.99,2025-04-29T02:35:00Z
69,37,8,2,14.99,2026-03-30T18:55:00Z
70,38,13,1,24.99,2026-03-26T22:51:00Z
71,38,15,1,17.99,2026-03-26T14:05:00Z
72,39,8,2,14.99,2025-05-12T00:18:00Z
73,40,10,1,49.99,2025-07-06T20:50:00Z
74,41,3,2,89.99,2025-09-15T09:10:00Z
75,42,3,1,89.99,2026-05-10T14:10:00Z
76,42,10,2,49.99,2026-05-10T22:34:00Z
77,42,5,1,79.99,2026-05-10T05:53:00Z
78,43,2,2,64.99,2026-03-29T12:59:00Z
79,43,8,2,14.99,2026-03-29T14:59:00Z
80,44,8,2,14.99,2025-09-11T18:42:00Z
81,44,3,2,89.99,2025-09-11T23:58:00Z
82,44,15,1,17.99,2025-09-11T22:07:00Z
83,45,9,2,29.99,2026-04-10T21:42:00Z
84,46,2,1,64.99,2025-05-15T14:47:00Z
85,46,7,2,44.99,2025-05-15T09:10:00Z
86,46,13,2,24.99,2025-05-15T13:46:00Z
87,47,14,1,39.99,2025-10-30T10:04:00Z
88,48,12,1,34.99,2026-01-28T00:50:00Z
89,48,1,1,19.99,2026-01-28T09:40:00Z
90,49,15,1,17.99,2026-06-02T07:01:00Z
91,50,10,1,49.99,2025-06-01T13:55:00Z
92,50,5,1,79.99,2025-06-01T15:44:00Z
93,50,14,1,39.99,2025-06-01T16:46:00Z
94,51,4,2,54.99,2026-01-20T05:48:00Z
95,52,13,1,24.99,2025-05-19T21:44:00Z
96,52,12,1,34.99,2025-05-19T17:37:00Z
97,52,6,2,119.99,2025-05-19T00:08:00Z
98,53,9,1,29.99,2025-12-22T06:50:00Z
99,54,13,1,24.99,2026-01-12T14:58:00Z
100,54,2,1,64.99,2026-01-12T04:59:00Z
101,54,1,1,19.99,2026-01-12T09:44:00Z
102,55,6,1,119.99,2025-10-03T09:01:00Z
103,55,12,2,34.99,2025-10-03T07:08:00Z
104,55,14,1,39.99,2025-10-03T22:14:00Z
105,56,2,1,64.99,2025-09-05T15:48:00Z
106,56,7,1,44.99,2025-09-05T03:02:00Z
107,56,13,1,24.99,2025-09-05T18:03:00Z
108,57,3,2,89.99,2025-11-27T23:39:00Z
109,58,3,1,89.99,2025-08-02T03:11:00Z
110,58,14,1,39.99,2025-08-02T12:27:00Z
111,59,14,1,39.99,2025-07-19T17:26:00Z
112,60,12,1,34.99,2025-08-27T03:47:00Z
113,60,15,2,17.99,2025-08-27T05:04:00Z
114,61,7,3,44.99,2025-10-04T16:17:00Z
115,61,3,2,89.99,2025-10-04T03:07:00Z
116,62,1,2,19.99,2025-08-07T15:43:00Z
117,63,10,1,49.99,2025-04-14T02:42:00Z
118,64,8,1,14.99,2026-04-20T17:21:00Z
119,64,13,2,24.99,2026-04-20T17:01:00Z
120,65,14,1,39.99,2026-04-27T14:02:00Z
121,65,1,1,19.99,2026-04-27T21:55:00Z
122,66,8,2,14.99,2026-05-05T18:43:00Z
123,66,8,1,14.99,2026-05-05T21:34:00Z
124,66,10,1,49.99,2026-05-05T17:54:00Z
125,67,7,1,44.99,2025-06-20T11:26:00Z
126,67,6,1,119.99,2025-06-20T07:15:00Z
127,68,6,1,119.99,2025-07-30T12:20:00Z
128,69,1,1,19.99,2026-01-19T18:25:00Z
129,70,5,1,79.99,2026-05-17T16:30:00Z
130,70,7,1,44.99,2026-05-17T02:41:00Z
131,71,7,1,44.99,2026-05-27T16:29:00Z
132,72,3,1,89.99,2026-03-10T06:42:00Z
133,72,14,2,39.99,2026-03-10T14:17:00Z
134,73,11,1,69.99,2026-02-21T06:23:00Z
135,73,8,1,14.99,2026-02-21T04:47:00Z
136,74,7,1,44.99,2026-03-17T09:41:00Z
137,75,13,1,24.99,2025-06-22T17:11:00Z
138,76,6,1,119.99,2026-02-24T02:57:00Z
139,76,7,2,44.99,2026-02-24T21:42:00Z
140,76,15,1,17.99,2026-02-24T23:53:00Z
141,77,10,2,49.99,2025-06-11T16:16:00Z
142,77,8,2,14.99,2025-06-11T07:38:00Z
143,78,2,1,64.99,2025-06-02T13:30:00Z
144,78,11,1,69.99,2025-06-02T08:56:00Z
145,79,11,3,69.99,2026-05-07T19:02:00Z
146,80,7,1,44.99,2026-06-05T22:23:00Z
147,81,7,2,44.99,2026-05-21T08:19:00Z
148,82,12,1,34.99,2025-05-17T03:52:00Z
149,82,3,1,89.99,2025-05-17T16:04:00Z
150,82,6,1,119.99,2025-05-17T23:52:00Z
151,83,11,1,69.99,2026-01-06T20:08:00Z
152,83,1,1,19.99,2026-01-06T20:19:00Z
153,84,3,1,89.99,2025-09-08T12:53:00Z
154,84,15,1,17.99,2025-09-08T00:01:00Z
155,85,14,1,39.99,2026-01-11T12:39:00Z
156,86,7,1,44.99,2025-11-06T06:38:00Z
157,86,4,3,54.99,2025-11-06T09:46:00Z
158,86,11,1,69.99,2025-11-06T05:26:00Z
159,87,4,1,54.99,2026-05-11T21:41:00Z
160,87,8,1,14.99,2026-05-11T15:08:00Z
161,88,12,1,34.99,2026-06-21T02:06:00Z
162,88,9,1,29.99,2026-06-21T10:59:00Z
163,88,4,1,54.99,2026-06-21T11:38:00Z
164,89,10,1,49.99,2026-03-10T12:42:00Z
165,90,14,1,39.99,2025-10-07T11:59:00Z
166,90,7,1,44.99,2025-10-07T08:39:00Z
167,90,14,2,39.99,2025-10-07T08:33:00Z
168,91,15,2,17.99,2025-09-08T01:28:00Z
169,91,6,3,119.99,2025-09-08T17:31:00Z
170,92,2,1,64.99,2025-11-21T15:43:00Z
171,92,2,2,64.99,2025-11-21T00:18:00Z
172,93,14,1,39.99,2026-03-15T00:05:00Z
173,93,8,2,14.99,2026-03-15T21:30:00Z
174,93,8,1,14.99,2026-03-15T08:38:00Z
175,93,11,1,69.99,2026-03-15T01:41:00Z
176,94,10,1,49.99,2026-02-13T01:51:00Z
177,94,11,1,69.99,2026-02-13T01:47:00Z
178,94,2,1,64.99,2026-02-13T19:24:00Z
179,94,2,1,64.99,2026-02-13T05:15:00Z
180,95,11,1,69.99,2026-04-30T11:32:00Z
181,96,13,1,24.99,2025-07-12T11:39:00Z
182,96,3,1,89.99,2025-07-12T13:05:00Z
183,97,15,1,17.99,2025-04-21T20:41:00Z
184,97,9,1,29.99,2025-04-21T14:27:00Z
185,97,2,2,64.99,2025-04-21T15:19:00Z
186,98,1,1,19.99,2025-06-16T01:32:00Z
187,99,12,1,34.99,2025-05-26T21:28:00Z
188,100,12,3,34.99,2026-02-14T08:55:00Z
189,101,12,1,34.99,2026-03-11T09:05:00Z
190,101,3,1,89.99,2026-03-11T06:07:00Z
191,102,11,1,69.99,2026-05-23T20:54:00Z
192,102,13,1,24.99,2026-05-23T02:19:00Z
193,103,12,2,34.99,2026-04-30T15:30:00Z
194,103,1,2,19.99,2026-04-30T18:15:00Z
195,103,4,1,54.99,2026-04-30T12:03:00Z
196,103,6,1,119.99,2026-04-30T20:54:00Z
197,104,9,3,29.99,2026-04-01T01:31:00Z
198,104,7,1,44.99,2026-04-01T18:46:00Z
199,105,5,2,79.99,2026-02-08T15:22:00Z
200,106,14,2,39.99,2025-11-11T21:29:00Z
201,106,3,2,89.99,2025-11-11T23:45:00Z
202,106,7,3,44.99,2025-11-11T21:41:00Z
203,106,12,1,34.99,2025-11-11T15:51:00Z
204,107,6,1,119.99,2026-06-07T05:52:00Z
205,107,14,2,39.99,2026-06-07T01:51:00Z
206,107,2,1,64.99,2026-06-07T03:39:00Z
207,108,1,2,19.99,2025-07-26T17:17:00Z
208,108,15,1,17.99,2025-07-26T22:55:00Z
209,109,14,2,39.99,2025-12-20T03:50:00Z
210,109,10,1,49.99,2025-12-20T03:52:00Z
211,110,8,3,14.99,2026-01-13T00:15:00Z
212,110,14,2,39.99,2026-01-13T10:18:00Z
213,110,9,1,29.99,2026-01-13T08:23:00Z
214,111,9,1,29.99,2026-04-02T07:08:00Z
215,111,13,1,24.99,2026-04-02T13:57:00Z
216,111,8,3,14.99,2026-04-02T16:50:00Z
217,112,2,1,64.99,2026-03-16T10:25:00Z
218,112,13,1,24.99,2026-03-16T01:25:00Z
219,112,13,1,24.99,2026-03-16T20:09:00Z
220,113,12,1,34.99,2026-01-20T09:46:00Z
221,113,12,1,34.99,2026-01-20T11:00:00Z
222,113,14,1,39.99,2026-01-20T16:39:00Z
223,114,11,1,69.99,2025-06-15T11:56:00Z
224,114,13,2,24.99,2025-06-15T12:49:00Z
225,114,4,2,54.99,2025-06-15T02:02:00Z
226,115,9,1,29.99,2026-01-01T16:21:00Z
227,116,10,2,49.99,2026-04-23T14:21:00Z
228,116,4,2,54.99,2026-04-23T18:36:00Z
229,117,11,2,69.99,2026-04-01T22:36:00Z
230,118,10,1,49.99,2026-03-11T11:29:00Z
231,119,15,1,17.99,2025-05-21T06:28:00Z
232,120,14,1,39.99,2025-05-10T15:40:00Z
233,120,7,3,44.99,2025-05-10T22:59:00Z
234,120,8,2,14.99,2025-05-10T13:52:00Z
235,121,9,2,29.99,2025-06-23T03:44:00Z
236,121,4,1,54.99,2025-06-23T01:47:00Z
237,121,3,2,89.99,2025-06-23T11:58:00Z
238,121,2,1,64.99,2025-06-23T13:07:00Z
239,122,12,1,34.99,2025-06-01T03:35:00Z
240,123,15,1,17.99,2025-09-26T12:30:00Z
241,123,14,2,39.99,2025-09-26T19:08:00Z
242,124,12,1,34.99,2026-04-26T19:42:00Z
243,125,11,2,69.99,2026-02-14T23:17:00Z
244,126,12,1,34.99,2026-02-25T20:07:00Z
245,126,11,1,69.99,2026-02-25T06:39:00Z
246,126,9,1,29.99,2026-02-25T01:36:00Z
247,127,9,1,29.99,2025-12-24T00:17:00Z
248,127,13,1,24.99,2025-12-24T22:53:00Z
249,128,1,1,19.99,2026-06-29T00:21:00Z
250,128,7,1,44.99,2026-06-29T00:55:00Z
251,129,2,1,64.99,2025-12-27T13:57:00Z
252,130,15,1,17.99,2025-09-13T17:37:00Z
253,131,8,1,14.99,2026-03-12T20:32:00Z
254,131,4,2,54.99,2026-03-12T04:23:00Z
255,132,1,1,19.99,2026-01-02T14:53:00Z
256,132,10,1,49.99,2026-01-02T05:00:00Z
257,133,3,2,89.99,2025-05-01T08:56:00Z
258,134,6,1,119.99,2025-11-08T22:28:00Z
259,134,5,1,79.99,2025-11-08T10:21:00Z
260,135,1,2,19.99,2025-07-17T21:28:00Z
261,136,13,2,24.99,2026-03-11T00:07:00Z
262,137,5,1,79.99,2025-11-23T22:22:00Z
263,138,8,3,14.99,2025-07-08T01:17:00Z
264,139,12,1,34.99,2025-12-09T08:59:00Z
265,139,10,2,49.99,2025-12-09T16:46:00Z
266,140,5,1,79.99,2026-05-06T14:00:00Z
267,140,7,1,44.99,2026-05-06T20:03:00Z
268,141,9,1,29.99,2026-06-12T11:33:00Z
269,142,5,1,79.99,2026-04-24T20:06:00Z
270,143,5,1,79.99,2025-04-15T15:15:00Z
271,144,10,1,49.99,2025-09-22T03:40:00Z
272,144,8,1,14.99,2025-09-22T02:03:00Z
273,144,15,1,17.99,2025-09-22T10:56:00Z
274,145,1,1,19.99,2026-06-09T14:50:00Z
275,145,7,2,44.99,2026-06-09T19:06:00Z
276,146,2,1,64.99,2025-09-21T22:04:00Z
277,147,6,1,119.99,2026-01-29T23:39:00Z
278,147,8,1,14.99,2026-01-29T04:51:00Z
279,148,5,1,79.99,2025-04-23T17:49:00Z
280,148,3,1,89.99,2025-04-23T09:38:00Z
281,148,6,1,119.99,2025-04-23T00:33:00Z
282,149,6,1,119.99,2026-01-26T13:21:00Z
283,149,3,1,89.99,2026-01-26T01:31:00Z
284,150,8,2,14.99,2025-07-22T10:51:00Z
