id,ad_id,ad_set_id,date,name,status,impressions,clicks,spend,conversions,_fivetran_synced
1,1,1,2026-03-01,Facebook Cpc Retargeting Creative 1,active,348,4,2.23,0,2026-03-01T10:03:00Z
2,1,1,2026-03-02,Facebook Cpc Retargeting Creative 1,active,352,4,2.41,0,2026-03-02T12:46:00Z
3,1,1,2026-03-03,Facebook Cpc Retargeting Creative 1,active,285,3,1.92,0,2026-03-03T05:38:00Z
4,1,1,2026-03-04,Facebook Cpc Retargeting Creative 1,active,399,5,2.74,0,2026-03-04T03:43:00Z
5,1,1,2026-03-05,Facebook Cpc Retargeting Creative 1,active,463,5,2.81,0,2026-03-05T03:03:00Z
6,1,1,2026-03-06,Facebook Cpc Retargeting Creative 1,active,404,5,3.3,0,2026-03-06T17:06:00Z
7,1,1,2026-03-07,Facebook Cpc Retargeting Creative 1,active,217,3,1.97,0,2026-03-07T12:25:00Z
8,1,1,2026-03-08,Facebook Cpc Retargeting Creative 1,active,282,3,1.77,0,2026-03-08T22:17:00Z
9,1,1,2026-03-09,Facebook Cpc Retargeting Creative 1,active,480,5,3.47,0,2026-03-09T20:18:00Z
10,1,1,2026-03-10,Facebook Cpc Retargeting Creative 1,active,364,4,2.93,0,2026-03-10T05:32:00Z
11,1,1,2026-03-11,Facebook Cpc Retargeting Creative 1,active,238,3,2.12,0,2026-03-11T22:15:00Z
12,1,1,2026-03-12,Facebook Cpc Retargeting Creative 1,active,466,6,3.56,0,2026-03-12T10:57:00Z
13,1,1,2026-03-13,Facebook Cpc Retargeting Creative 1,active,211,3,1.91,0,2026-03-13T13:21:00Z
14,1,1,2026-03-14,Facebook Cpc Retargeting Creative 1,active,350,5,2.59,0,2026-03-14T05:43:00Z
15,1,1,2026-03-15,Facebook Cpc Retargeting Creative 1,active,311,3,2.15,0,2026-03-15T15:37:00Z
16,1,1,2026-03-16,Facebook Cpc Retargeting Creative 1,active,290,4,2.15,0,2026-03-16T01:52:00Z
17,1,1,2026-03-17,Facebook Cpc Retargeting Creative 1,active,233,3,1.62,0,2026-03-17T07:33:00Z
18,1,1,2026-03-18,Facebook Cpc Retargeting Creative 1,active,378,5,3.32,0,2026-03-18T03:19:00Z
19,1,1,2026-03-19,Facebook Cpc Retargeting Creative 1,active,446,5,3.53,0,2026-03-19T11:34:00Z
20,1,1,2026-03-20,Facebook Cpc Retargeting Creative 1,active,419,5,3.05,0,2026-03-20T00:52:00Z
21,1,1,2026-03-21,Facebook Cpc Retargeting Creative 1,active,231,3,1.94,0,2026-03-21T21:54:00Z
22,1,1,2026-03-22,Facebook Cpc Retargeting Creative 1,active,293,4,2.55,0,2026-03-22T08:43:00Z
23,1,1,2026-03-23,Facebook Cpc Retargeting Creative 1,active,316,4,2.34,0,2026-03-23T13:54:00Z
24,1,1,2026-03-24,Facebook Cpc Retargeting Creative 1,active,348,5,2.86,0,2026-03-24T00:15:00Z
25,1,1,2026-03-25,Facebook Cpc Retargeting Creative 1,active,309,4,2.97,0,2026-03-25T06:47:00Z
26,1,1,2026-03-26,Facebook Cpc Retargeting Creative 1,active,285,4,2.51,0,2026-03-26T03:17:00Z
27,2,1,2026-02-27,Facebook Cpc Retargeting Creative 2,active,389,5,3.41,0,2026-02-27T14:56:00Z
28,2,1,2026-02-28,Facebook Cpc Retargeting Creative 2,active,276,3,2.03,0,2026-02-28T10:25:00Z
29,2,1,2026-03-01,Facebook Cpc Retargeting Creative 2,active,283,4,2.43,0,2026-03-01T06:02:00Z
30,2,1,2026-03-02,Facebook Cpc Retargeting Creative 2,active,308,4,2.64,0,2026-03-02T03:27:00Z
31,2,1,2026-03-03,Facebook Cpc Retargeting Creative 2,active,244,3,2.11,0,2026-03-03T11:18:00Z
32,2,1,2026-03-04,Facebook Cpc Retargeting Creative 2,active,519,5,2.83,0,2026-03-04T04:29:00Z
33,2,1,2026-03-05,Facebook Cpc Retargeting Creative 2,active,330,4,2.83,0,2026-03-05T17:42:00Z
34,2,1,2026-03-06,Facebook Cpc Retargeting Creative 2,active,503,6,3.73,0,2026-03-06T09:00:00Z
35,2,1,2026-03-07,Facebook Cpc Retargeting Creative 2,active,282,3,2.24,0,2026-03-07T03:03:00Z
36,2,1,2026-03-08,Facebook Cpc Retargeting Creative 2,active,623,6,3.7,0,2026-03-08T00:03:00Z
37,2,1,2026-03-09,Facebook Cpc Retargeting Creative 2,active,443,5,3.01,0,2026-03-09T16:42:00Z
38,2,1,2026-03-10,Facebook Cpc Retargeting Creative 2,active,244,3,2.19,0,2026-03-10T22:17:00Z
39,2,1,2026-03-11,Facebook Cpc Retargeting Creative 2,active,381,5,2.81,0,2026-03-11T02:18:00Z
40,2,1,2026-03-12,Facebook Cpc Retargeting Creative 2,active,421,5,3.07,0,2026-03-12T21:40:00Z
41,2,1,2026-03-13,Facebook Cpc Retargeting Creative 2,active,434,5,3.2,0,2026-03-13T08:58:00Z
42,2,1,2026-03-14,Facebook Cpc Retargeting Creative 2,active,270,3,1.71,0,2026-03-14T21:56:00Z
43,2,1,2026-03-15,Facebook Cpc Retargeting Creative 2,active,404,5,2.9,0,2026-03-15T06:16:00Z
44,2,1,2026-03-16,Facebook Cpc Retargeting Creative 2,active,408,5,2.67,0,2026-03-16T02:19:00Z
45,2,1,2026-03-17,Facebook Cpc Retargeting Creative 2,active,396,5,3.54,0,2026-03-17T12:50:00Z
46,2,1,2026-03-18,Facebook Cpc Retargeting Creative 2,active,256,3,2.22,0,2026-03-18T14:44:00Z
47,2,1,2026-03-19,Facebook Cpc Retargeting Creative 2,active,355,5,3.31,0,2026-03-19T14:22:00Z
48,2,1,2026-03-20,Facebook Cpc Retargeting Creative 2,active,430,5,2.9,0,2026-03-20T00:58:00Z
49,2,1,2026-03-21,Facebook Cpc Retargeting Creative 2,active,282,4,2.36,0,2026-03-21T04:39:00Z
50,2,1,2026-03-22,Facebook Cpc Retargeting Creative 2,active,299,4,2.97,0,2026-03-22T11:08:00Z
51,2,1,2026-03-23,Facebook Cpc Retargeting Creative 2,active,287,4,2.93,0,2026-03-23T01:48:00Z
52,2,1,2026-03-24,Facebook Cpc Retargeting Creative 2,active,392,4,3.05,0,2026-03-24T14:51:00Z
53,2,1,2026-03-25,Facebook Cpc Retargeting Creative 2,active,331,4,3.15,0,2026-03-25T02:03:00Z
54,2,1,2026-03-26,Facebook Cpc Retargeting Creative 2,active,349,5,3.01,0,2026-03-26T19:06:00Z
55,2,1,2026-03-27,Facebook Cpc Retargeting Creative 2,active,406,5,3.4,0,2026-03-27T01:07:00Z
56,2,1,2026-03-28,Facebook Cpc Retargeting Creative 2,active,312,4,2.95,0,2026-03-28T01:44:00Z
57,2,1,2026-03-29,Facebook Cpc Retargeting Creative 2,active,583,6,3.54,0,2026-03-29T15:08:00Z
58,2,1,2026-03-30,Facebook Cpc Retargeting Creative 2,active,389,5,2.99,0,2026-03-30T09:40:00Z
59,2,1,2026-03-31,Facebook Cpc Retargeting Creative 2,active,279,4,2.26,0,2026-03-31T15:39:00Z
60,2,1,2026-04-01,Facebook Cpc Retargeting Creative 2,active,394,4,2.55,0,2026-04-01T19:56:00Z
61,2,1,2026-04-02,Facebook Cpc Retargeting Creative 2,active,497,5,2.84,0,2026-04-02T15:01:00Z
62,2,1,2026-04-03,Facebook Cpc Retargeting Creative 2,active,341,4,3.17,0,2026-04-03T03:19:00Z
63,2,1,2026-04-04,Facebook Cpc Retargeting Creative 2,active,210,3,1.8,0,2026-04-04T17:16:00Z
64,2,1,2026-04-05,Facebook Cpc Retargeting Creative 2,active,233,3,2.24,0,2026-04-05T19:07:00Z
65,2,1,2026-04-06,Facebook Cpc Retargeting Creative 2,active,395,5,3.2,0,2026-04-06T23:42:00Z
66,3,2,2026-03-08,Facebook Cpc Retargeting Creative 1,active,415,5,2.74,0,2026-03-08T06:30:00Z
67,3,2,2026-03-09,Facebook Cpc Retargeting Creative 1,active,546,6,3.56,0,2026-03-09T18:31:00Z
68,3,2,2026-03-10,Facebook Cpc Retargeting Creative 1,active,458,5,3.38,0,2026-03-10T03:29:00Z
69,3,2,2026-03-11,Facebook Cpc Retargeting Creative 1,active,258,3,2.15,0,2026-03-11T14:07:00Z
70,3,2,2026-03-12,Facebook Cpc Retargeting Creative 1,active,518,5,3.37,0,2026-03-12T20:41:00Z
71,3,2,2026-03-13,Facebook Cpc Retargeting Creative 1,active,318,4,2.63,0,2026-03-13T11:08:00Z
72,3,2,2026-03-14,Facebook Cpc Retargeting Creative 1,active,383,5,3.33,0,2026-03-14T05:22:00Z
73,3,2,2026-03-15,Facebook Cpc Retargeting Creative 1,active,364,5,3.2,0,2026-03-15T22:33:00Z
74,3,2,2026-03-16,Facebook Cpc Retargeting Creative 1,active,404,4,2.33,0,2026-03-16T11:41:00Z
75,3,2,2026-03-17,Facebook Cpc Retargeting Creative 1,active,267,3,1.85,0,2026-03-17T04:17:00Z
76,3,2,2026-03-18,Facebook Cpc Retargeting Creative 1,active,392,5,3.66,0,2026-03-18T02:58:00Z
77,3,2,2026-03-19,Facebook Cpc Retargeting Creative 1,active,252,3,1.9,0,2026-03-19T19:42:00Z
78,3,2,2026-03-20,Facebook Cpc Retargeting Creative 1,active,462,6,3.67,0,2026-03-20T21:33:00Z
79,3,2,2026-03-21,Facebook Cpc Retargeting Creative 1,active,463,6,3.44,0,2026-03-21T18:22:00Z
80,3,2,2026-03-22,Facebook Cpc Retargeting Creative 1,active,368,5,3.15,0,2026-03-22T00:54:00Z
81,3,2,2026-03-23,Facebook Cpc Retargeting Creative 1,active,467,5,3.7,0,2026-03-23T15:59:00Z
82,3,2,2026-03-24,Facebook Cpc Retargeting Creative 1,active,448,5,3.67,0,2026-03-24T23:50:00Z
83,3,2,2026-03-25,Facebook Cpc Retargeting Creative 1,active,431,6,3.32,0,2026-03-25T12:48:00Z
84,3,2,2026-03-26,Facebook Cpc Retargeting Creative 1,active,214,3,2.39,0,2026-03-26T08:07:00Z
85,3,2,2026-03-27,Facebook Cpc Retargeting Creative 1,active,455,6,3.29,0,2026-03-27T11:38:00Z
86,3,2,2026-03-28,Facebook Cpc Retargeting Creative 1,active,205,2,1.63,0,2026-03-28T03:44:00Z
87,3,2,2026-03-29,Facebook Cpc Retargeting Creative 1,active,391,4,2.75,0,2026-03-29T17:12:00Z
88,3,2,2026-03-30,Facebook Cpc Retargeting Creative 1,active,335,4,2.58,0,2026-03-30T07:12:00Z
89,3,2,2026-03-31,Facebook Cpc Retargeting Creative 1,active,342,4,3.04,0,2026-03-31T06:05:00Z
90,3,2,2026-04-01,Facebook Cpc Retargeting Creative 1,active,396,5,3.04,0,2026-04-01T06:02:00Z
91,3,2,2026-04-02,Facebook Cpc Retargeting Creative 1,active,288,4,2.85,0,2026-04-02T13:36:00Z
92,3,2,2026-04-03,Facebook Cpc Retargeting Creative 1,active,503,5,3.36,0,2026-04-03T23:58:00Z
93,3,2,2026-04-04,Facebook Cpc Retargeting Creative 1,active,412,5,3.61,0,2026-04-04T06:36:00Z
94,3,2,2026-04-05,Facebook Cpc Retargeting Creative 1,active,250,3,1.84,0,2026-04-05T17:54:00Z
95,3,2,2026-04-06,Facebook Cpc Retargeting Creative 1,active,403,4,2.1,0,2026-04-06T12:55:00Z
96,3,2,2026-04-07,Facebook Cpc Retargeting Creative 1,active,301,3,1.66,0,2026-04-07T09:06:00Z
97,3,2,2026-04-08,Facebook Cpc Retargeting Creative 1,active,560,6,3.49,0,2026-04-08T10:01:00Z
98,3,2,2026-04-09,Facebook Cpc Retargeting Creative 1,active,354,5,2.8,0,2026-04-09T08:24:00Z
99,3,2,2026-04-10,Facebook Cpc Retargeting Creative 1,active,504,5,3.56,0,2026-04-10T09:04:00Z
100,3,2,2026-04-11,Facebook Cpc Retargeting Creative 1,active,279,3,2.08,0,2026-04-11T19:32:00Z
101,3,2,2026-04-12,Facebook Cpc Retargeting Creative 1,active,239,3,1.74,0,2026-04-12T03:37:00Z
102,4,2,2026-03-17,Facebook Cpc Retargeting Creative 2,active,428,6,3.55,0,2026-03-17T00:02:00Z
103,4,2,2026-03-18,Facebook Cpc Retargeting Creative 2,active,369,4,2.25,0,2026-03-18T01:08:00Z
104,4,2,2026-03-19,Facebook Cpc Retargeting Creative 2,active,296,4,2.48,0,2026-03-19T21:58:00Z
105,4,2,2026-03-20,Facebook Cpc Retargeting Creative 2,active,280,3,1.9,0,2026-03-20T18:57:00Z
106,4,2,2026-03-21,Facebook Cpc Retargeting Creative 2,active,367,5,3.63,0,2026-03-21T11:04:00Z
107,4,2,2026-03-22,Facebook Cpc Retargeting Creative 2,active,241,3,2.25,0,2026-03-22T02:56:00Z
108,4,2,2026-03-23,Facebook Cpc Retargeting Creative 2,active,283,4,2.66,0,2026-03-23T01:06:00Z
109,4,2,2026-03-24,Facebook Cpc Retargeting Creative 2,active,249,3,1.81,0,2026-03-24T13:30:00Z
110,4,2,2026-03-25,Facebook Cpc Retargeting Creative 2,active,439,6,3.5,0,2026-03-25T00:59:00Z
111,4,2,2026-03-26,Facebook Cpc Retargeting Creative 2,active,225,3,1.89,0,2026-03-26T17:38:00Z
112,4,2,2026-03-27,Facebook Cpc Retargeting Creative 2,active,311,4,2.57,0,2026-03-27T17:30:00Z
113,4,2,2026-03-28,Facebook Cpc Retargeting Creative 2,active,377,5,3.04,0,2026-03-28T13:44:00Z
114,4,2,2026-03-29,Facebook Cpc Retargeting Creative 2,active,487,5,3.19,0,2026-03-29T19:57:00Z
115,4,2,2026-03-30,Facebook Cpc Retargeting Creative 2,active,570,6,3.63,0,2026-03-30T01:15:00Z
116,4,2,2026-03-31,Facebook Cpc Retargeting Creative 2,active,322,4,2.5,0,2026-03-31T23:48:00Z
117,4,2,2026-04-01,Facebook Cpc Retargeting Creative 2,active,298,4,3.19,0,2026-04-01T00:55:00Z
118,4,2,2026-04-02,Facebook Cpc Retargeting Creative 2,active,222,3,1.93,0,2026-04-02T04:28:00Z
119,4,2,2026-04-03,Facebook Cpc Retargeting Creative 2,active,408,4,2.49,0,2026-04-03T20:56:00Z
120,4,2,2026-04-04,Facebook Cpc Retargeting Creative 2,active,273,3,1.82,0,2026-04-04T15:42:00Z
121,4,2,2026-04-05,Facebook Cpc Retargeting Creative 2,active,502,5,2.65,0,2026-04-05T17:13:00Z
122,4,2,2026-04-06,Facebook Cpc Retargeting Creative 2,active,305,4,2.48,0,2026-04-06T07:28:00Z
123,4,2,2026-04-07,Facebook Cpc Retargeting Creative 2,active,354,5,3.64,0,2026-04-07T09:55:00Z
124,4,2,2026-04-08,Facebook Cpc Retargeting Creative 2,active,165,2,1.67,0,2026-04-08T22:34:00Z
125,4,2,2026-04-09,Facebook Cpc Retargeting Creative 2,active,406,4,2.4,0,2026-04-09T22:39:00Z
126,4,2,2026-04-10,Facebook Cpc Retargeting Creative 2,active,401,4,2.55,0,2026-04-10T16:14:00Z
127,4,2,2026-04-11,Facebook Cpc Retargeting Creative 2,active,490,6,3.64,0,2026-04-11T23:52:00Z
128,4,2,2026-04-12,Facebook Cpc Retargeting Creative 2,active,512,5,3.43,0,2026-04-12T14:41:00Z
129,4,2,2026-04-13,Facebook Cpc Retargeting Creative 2,active,212,3,1.82,0,2026-04-13T01:17:00Z
130,4,2,2026-04-14,Facebook Cpc Retargeting Creative 2,active,437,5,3.07,0,2026-04-14T02:03:00Z
131,4,2,2026-04-15,Facebook Cpc Retargeting Creative 2,active,399,5,2.77,0,2026-04-15T12:24:00Z
132,4,2,2026-04-16,Facebook Cpc Retargeting Creative 2,active,562,6,3.7,0,2026-04-16T21:27:00Z
133,4,2,2026-04-17,Facebook Cpc Retargeting Creative 2,active,313,4,2.37,0,2026-04-17T11:59:00Z
134,4,2,2026-04-18,Facebook Cpc Retargeting Creative 2,active,319,4,2.46,0,2026-04-18T08:51:00Z
135,4,2,2026-04-19,Facebook Cpc Retargeting Creative 2,active,282,3,2.01,0,2026-04-19T23:53:00Z
136,4,2,2026-04-20,Facebook Cpc Retargeting Creative 2,active,218,3,1.87,0,2026-04-20T23:48:00Z
137,4,2,2026-04-21,Facebook Cpc Retargeting Creative 2,active,593,6,3.42,0,2026-04-21T23:59:00Z
138,4,2,2026-04-22,Facebook Cpc Retargeting Creative 2,active,292,4,2.58,0,2026-04-22T14:27:00Z
139,4,2,2026-04-23,Facebook Cpc Retargeting Creative 2,active,406,5,3.02,0,2026-04-23T05:24:00Z
140,4,2,2026-04-24,Facebook Cpc Retargeting Creative 2,active,348,5,2.98,0,2026-04-24T00:17:00Z
141,5,3,2026-02-06,Facebook Cpc Lookalike Prospecting Creative 1,active,353,5,3.38,0,2026-02-06T07:49:00Z
142,5,3,2026-02-07,Facebook Cpc Lookalike Prospecting Creative 1,active,357,4,2.79,0,2026-02-07T19:17:00Z
143,5,3,2026-02-08,Facebook Cpc Lookalike Prospecting Creative 1,active,392,5,2.86,0,2026-02-08T19:00:00Z
144,5,3,2026-02-09,Facebook Cpc Lookalike Prospecting Creative 1,active,487,6,3.34,0,2026-02-09T08:54:00Z
145,5,3,2026-02-10,Facebook Cpc Lookalike Prospecting Creative 1,active,338,4,2.1,0,2026-02-10T14:02:00Z
146,5,3,2026-02-11,Facebook Cpc Lookalike Prospecting Creative 1,active,336,4,3.26,0,2026-02-11T06:26:00Z
147,5,3,2026-02-12,Facebook Cpc Lookalike Prospecting Creative 1,active,425,6,3.29,0,2026-02-12T19:35:00Z
148,5,3,2026-02-13,Facebook Cpc Lookalike Prospecting Creative 1,active,505,5,2.88,0,2026-02-13T08:16:00Z
149,5,3,2026-02-14,Facebook Cpc Lookalike Prospecting Creative 1,active,294,3,2.2,0,2026-02-14T04:55:00Z
150,5,3,2026-02-15,Facebook Cpc Lookalike Prospecting Creative 1,active,610,6,3.71,0,2026-02-15T01:11:00Z
151,5,3,2026-02-16,Facebook Cpc Lookalike Prospecting Creative 1,active,364,5,3.72,0,2026-02-16T01:35:00Z
152,5,3,2026-02-17,Facebook Cpc Lookalike Prospecting Creative 1,active,404,4,2.76,0,2026-02-17T08:16:00Z
153,5,3,2026-02-18,Facebook Cpc Lookalike Prospecting Creative 1,active,439,6,3.31,0,2026-02-18T17:45:00Z
154,5,3,2026-02-19,Facebook Cpc Lookalike Prospecting Creative 1,active,280,3,1.84,0,2026-02-19T16:28:00Z
155,5,3,2026-02-20,Facebook Cpc Lookalike Prospecting Creative 1,active,602,6,3.46,0,2026-02-20T18:23:00Z
156,5,3,2026-02-21,Facebook Cpc Lookalike Prospecting Creative 1,active,233,3,1.89,0,2026-02-21T13:56:00Z
157,5,3,2026-02-22,Facebook Cpc Lookalike Prospecting Creative 1,active,412,4,2.37,0,2026-02-22T11:21:00Z
158,5,3,2026-02-23,Facebook Cpc Lookalike Prospecting Creative 1,active,288,4,3.29,0,2026-02-23T09:39:00Z
159,5,3,2026-02-24,Facebook Cpc Lookalike Prospecting Creative 1,active,440,5,2.86,0,2026-02-24T04:58:00Z
160,5,3,2026-02-25,Facebook Cpc Lookalike Prospecting Creative 1,active,198,2,1.64,0,2026-02-25T10:32:00Z
161,5,3,2026-02-26,Facebook Cpc Lookalike Prospecting Creative 1,active,228,3,2.17,0,2026-02-26T22:22:00Z
162,5,3,2026-02-27,Facebook Cpc Lookalike Prospecting Creative 1,active,263,3,1.88,0,2026-02-27T21:46:00Z
163,5,3,2026-02-28,Facebook Cpc Lookalike Prospecting Creative 1,active,302,4,2.5,0,2026-02-28T02:59:00Z
164,5,3,2026-03-01,Facebook Cpc Lookalike Prospecting Creative 1,active,162,2,1.85,0,2026-03-01T20:35:00Z
165,5,3,2026-03-02,Facebook Cpc Lookalike Prospecting Creative 1,active,246,3,1.74,0,2026-03-02T16:51:00Z
166,5,3,2026-03-03,Facebook Cpc Lookalike Prospecting Creative 1,active,421,5,2.56,0,2026-03-03T14:20:00Z
167,5,3,2026-03-04,Facebook Cpc Lookalike Prospecting Creative 1,active,294,4,2.38,0,2026-03-04T07:21:00Z
168,6,3,2026-02-03,Facebook Cpc Lookalike Prospecting Creative 2,active,301,4,2.68,0,2026-02-03T14:20:00Z
169,6,3,2026-02-04,Facebook Cpc Lookalike Prospecting Creative 2,active,492,5,3.63,0,2026-02-04T23:56:00Z
170,6,3,2026-02-05,Facebook Cpc Lookalike Prospecting Creative 2,active,301,3,1.7,0,2026-02-05T02:58:00Z
171,6,3,2026-02-06,Facebook Cpc Lookalike Prospecting Creative 2,active,419,5,3.28,0,2026-02-06T13:14:00Z
172,6,3,2026-02-07,Facebook Cpc Lookalike Prospecting Creative 2,active,368,5,3.46,0,2026-02-07T17:15:00Z
173,6,3,2026-02-08,Facebook Cpc Lookalike Prospecting Creative 2,active,346,4,2.72,0,2026-02-08T04:38:00Z
174,6,3,2026-02-09,Facebook Cpc Lookalike Prospecting Creative 2,active,364,4,2.58,0,2026-02-09T02:26:00Z
175,6,3,2026-02-10,Facebook Cpc Lookalike Prospecting Creative 2,active,419,6,3.67,0,2026-02-10T20:56:00Z
176,6,3,2026-02-11,Facebook Cpc Lookalike Prospecting Creative 2,active,144,2,1.73,0,2026-02-11T00:10:00Z
177,6,3,2026-02-12,Facebook Cpc Lookalike Prospecting Creative 2,active,460,5,2.63,0,2026-02-12T15:47:00Z
178,6,3,2026-02-13,Facebook Cpc Lookalike Prospecting Creative 2,active,290,4,2.46,0,2026-02-13T00:44:00Z
179,6,3,2026-02-14,Facebook Cpc Lookalike Prospecting Creative 2,active,502,5,3.07,0,2026-02-14T16:58:00Z
180,6,3,2026-02-15,Facebook Cpc Lookalike Prospecting Creative 2,active,344,4,2.65,0,2026-02-15T22:35:00Z
181,6,3,2026-02-16,Facebook Cpc Lookalike Prospecting Creative 2,active,545,6,3.55,0,2026-02-16T10:37:00Z
182,6,3,2026-02-17,Facebook Cpc Lookalike Prospecting Creative 2,active,297,3,1.76,0,2026-02-17T02:47:00Z
183,6,3,2026-02-18,Facebook Cpc Lookalike Prospecting Creative 2,active,141,2,1.78,0,2026-02-18T20:28:00Z
184,6,3,2026-02-19,Facebook Cpc Lookalike Prospecting Creative 2,active,342,4,2.9,0,2026-02-19T22:08:00Z
185,6,3,2026-02-20,Facebook Cpc Lookalike Prospecting Creative 2,active,229,3,1.74,0,2026-02-20T16:05:00Z
186,6,3,2026-02-21,Facebook Cpc Lookalike Prospecting Creative 2,active,415,4,2.19,0,2026-02-21T21:41:00Z
187,6,3,2026-02-22,Facebook Cpc Lookalike Prospecting Creative 2,active,449,5,2.96,0,2026-02-22T23:37:00Z
188,6,3,2026-02-23,Facebook Cpc Lookalike Prospecting Creative 2,active,376,5,2.78,0,2026-02-23T15:21:00Z
189,6,3,2026-02-24,Facebook Cpc Lookalike Prospecting Creative 2,active,331,4,2.3,0,2026-02-24T16:54:00Z
190,6,3,2026-02-25,Facebook Cpc Lookalike Prospecting Creative 2,active,456,5,3.73,0,2026-02-25T05:09:00Z
191,6,3,2026-02-26,Facebook Cpc Lookalike Prospecting Creative 2,active,354,5,2.74,0,2026-02-26T23:13:00Z
192,6,3,2026-02-27,Facebook Cpc Lookalike Prospecting Creative 2,active,366,4,2.57,0,2026-02-27T10:06:00Z
193,6,3,2026-02-28,Facebook Cpc Lookalike Prospecting Creative 2,active,481,5,2.9,0,2026-02-28T15:28:00Z
194,6,3,2026-03-01,Facebook Cpc Lookalike Prospecting Creative 2,active,288,3,1.82,0,2026-03-01T08:38:00Z
195,6,3,2026-03-02,Facebook Cpc Lookalike Prospecting Creative 2,active,285,4,3.1,0,2026-03-02T04:06:00Z
196,6,3,2026-03-03,Facebook Cpc Lookalike Prospecting Creative 2,active,440,6,3.43,0,2026-03-03T00:38:00Z
197,6,3,2026-03-04,Facebook Cpc Lookalike Prospecting Creative 2,active,282,4,3.0,0,2026-03-04T06:00:00Z
198,6,3,2026-03-05,Facebook Cpc Lookalike Prospecting Creative 2,active,369,5,3.25,0,2026-03-05T09:36:00Z
199,6,3,2026-03-06,Facebook Cpc Lookalike Prospecting Creative 2,active,426,5,3.15,0,2026-03-06T14:18:00Z
200,6,3,2026-03-07,Facebook Cpc Lookalike Prospecting Creative 2,active,230,3,2.06,0,2026-03-07T03:28:00Z
201,6,3,2026-03-08,Facebook Cpc Lookalike Prospecting Creative 2,active,334,4,2.57,0,2026-03-08T04:17:00Z
202,6,3,2026-03-09,Facebook Cpc Lookalike Prospecting Creative 2,active,295,3,2.09,0,2026-03-09T02:47:00Z
203,6,3,2026-03-10,Facebook Cpc Lookalike Prospecting Creative 2,active,229,3,2.33,0,2026-03-10T16:21:00Z
204,6,3,2026-03-11,Facebook Cpc Lookalike Prospecting Creative 2,active,317,4,2.57,0,2026-03-11T02:45:00Z
205,6,3,2026-03-12,Facebook Cpc Lookalike Prospecting Creative 2,active,288,4,2.49,0,2026-03-12T03:59:00Z
206,6,3,2026-03-13,Facebook Cpc Lookalike Prospecting Creative 2,active,248,3,1.81,0,2026-03-13T17:42:00Z
207,7,4,2026-02-11,Facebook Cpc Lookalike Prospecting Creative 1,active,317,4,3.07,0,2026-02-11T20:00:00Z
208,7,4,2026-02-12,Facebook Cpc Lookalike Prospecting Creative 1,active,322,4,2.62,0,2026-02-12T07:43:00Z
209,7,4,2026-02-13,Facebook Cpc Lookalike Prospecting Creative 1,active,253,3,1.8,0,2026-02-13T05:46:00Z
210,7,4,2026-02-14,Facebook Cpc Lookalike Prospecting Creative 1,active,293,3,1.79,0,2026-02-14T02:33:00Z
211,7,4,2026-02-15,Facebook Cpc Lookalike Prospecting Creative 1,active,303,4,2.53,0,2026-02-15T02:31:00Z
212,7,4,2026-02-16,Facebook Cpc Lookalike Prospecting Creative 1,active,472,5,3.2,0,2026-02-16T13:44:00Z
213,7,4,2026-02-17,Facebook Cpc Lookalike Prospecting Creative 1,active,350,4,2.4,0,2026-02-17T20:22:00Z
214,7,4,2026-02-18,Facebook Cpc Lookalike Prospecting Creative 1,active,235,3,1.88,0,2026-02-18T09:53:00Z
215,7,4,2026-02-19,Facebook Cpc Lookalike Prospecting Creative 1,active,273,3,1.73,0,2026-02-19T20:25:00Z
216,7,4,2026-02-20,Facebook Cpc Lookalike Prospecting Creative 1,active,410,5,3.65,0,2026-02-20T07:07:00Z
217,7,4,2026-02-21,Facebook Cpc Lookalike Prospecting Creative 1,active,288,4,2.81,0,2026-02-21T13:28:00Z
218,7,4,2026-02-22,Facebook Cpc Lookalike Prospecting Creative 1,active,391,5,3.04,0,2026-02-22T14:20:00Z
219,7,4,2026-02-23,Facebook Cpc Lookalike Prospecting Creative 1,active,355,4,2.48,0,2026-02-23T04:49:00Z
220,7,4,2026-02-24,Facebook Cpc Lookalike Prospecting Creative 1,active,367,5,3.47,0,2026-02-24T19:26:00Z
221,7,4,2026-02-25,Facebook Cpc Lookalike Prospecting Creative 1,active,513,5,3.62,0,2026-02-25T06:56:00Z
222,7,4,2026-02-26,Facebook Cpc Lookalike Prospecting Creative 1,active,259,3,2.51,0,2026-02-26T10:16:00Z
223,7,4,2026-02-27,Facebook Cpc Lookalike Prospecting Creative 1,active,432,5,3.56,0,2026-02-27T13:25:00Z
224,7,4,2026-02-28,Facebook Cpc Lookalike Prospecting Creative 1,active,304,3,1.71,0,2026-02-28T07:21:00Z
225,7,4,2026-03-01,Facebook Cpc Lookalike Prospecting Creative 1,active,306,3,2.22,0,2026-03-01T07:36:00Z
226,7,4,2026-03-02,Facebook Cpc Lookalike Prospecting Creative 1,active,246,3,2.27,0,2026-03-02T03:39:00Z
227,7,4,2026-03-03,Facebook Cpc Lookalike Prospecting Creative 1,active,294,3,1.83,0,2026-03-03T23:01:00Z
228,7,4,2026-03-04,Facebook Cpc Lookalike Prospecting Creative 1,active,399,4,2.69,0,2026-03-04T11:49:00Z
229,7,4,2026-03-05,Facebook Cpc Lookalike Prospecting Creative 1,active,303,3,1.93,0,2026-03-05T06:23:00Z
230,7,4,2026-03-06,Facebook Cpc Lookalike Prospecting Creative 1,active,279,4,2.64,0,2026-03-06T12:55:00Z
231,7,4,2026-03-07,Facebook Cpc Lookalike Prospecting Creative 1,active,455,5,3.42,0,2026-03-07T11:21:00Z
232,7,4,2026-03-08,Facebook Cpc Lookalike Prospecting Creative 1,active,326,4,2.35,0,2026-03-08T00:02:00Z
233,7,4,2026-03-09,Facebook Cpc Lookalike Prospecting Creative 1,active,302,4,2.79,0,2026-03-09T16:25:00Z
234,7,4,2026-03-10,Facebook Cpc Lookalike Prospecting Creative 1,active,306,3,1.85,0,2026-03-10T00:14:00Z
235,7,4,2026-03-11,Facebook Cpc Lookalike Prospecting Creative 1,active,233,3,2.2,0,2026-03-11T23:07:00Z
236,8,4,2026-02-07,Facebook Cpc Lookalike Prospecting Creative 2,active,438,5,3.41,0,2026-02-07T23:56:00Z
237,8,4,2026-02-08,Facebook Cpc Lookalike Prospecting Creative 2,active,600,6,3.69,0,2026-02-08T23:45:00Z
238,8,4,2026-02-09,Facebook Cpc Lookalike Prospecting Creative 2,active,431,5,3.35,0,2026-02-09T17:38:00Z
239,8,4,2026-02-10,Facebook Cpc Lookalike Prospecting Creative 2,active,398,4,2.92,0,2026-02-10T12:12:00Z
240,8,4,2026-02-11,Facebook Cpc Lookalike Prospecting Creative 2,active,291,4,2.98,0,2026-02-11T13:32:00Z
241,8,4,2026-02-12,Facebook Cpc Lookalike Prospecting Creative 2,active,181,2,1.66,0,2026-02-12T03:16:00Z
242,8,4,2026-02-13,Facebook Cpc Lookalike Prospecting Creative 2,active,404,5,3.59,0,2026-02-13T13:05:00Z
243,8,4,2026-02-14,Facebook Cpc Lookalike Prospecting Creative 2,active,519,6,3.38,0,2026-02-14T09:58:00Z
244,8,4,2026-02-15,Facebook Cpc Lookalike Prospecting Creative 2,active,249,3,2.18,0,2026-02-15T15:46:00Z
245,8,4,2026-02-16,Facebook Cpc Lookalike Prospecting Creative 2,active,263,3,1.99,0,2026-02-16T03:28:00Z
246,8,4,2026-02-17,Facebook Cpc Lookalike Prospecting Creative 2,active,350,5,3.11,0,2026-02-17T07:28:00Z
247,8,4,2026-02-18,Facebook Cpc Lookalike Prospecting Creative 2,active,325,4,2.26,0,2026-02-18T10:09:00Z
248,8,4,2026-02-19,Facebook Cpc Lookalike Prospecting Creative 2,active,210,3,2.33,0,2026-02-19T05:13:00Z
249,8,4,2026-02-20,Facebook Cpc Lookalike Prospecting Creative 2,active,167,2,1.62,0,2026-02-20T04:25:00Z
250,8,4,2026-02-21,Facebook Cpc Lookalike Prospecting Creative 2,active,421,5,3.46,0,2026-02-21T18:48:00Z
251,8,4,2026-02-22,Facebook Cpc Lookalike Prospecting Creative 2,active,376,5,2.82,0,2026-02-22T09:47:00Z
252,8,4,2026-02-23,Facebook Cpc Lookalike Prospecting Creative 2,active,387,4,2.46,0,2026-02-23T18:38:00Z
253,8,4,2026-02-24,Facebook Cpc Lookalike Prospecting Creative 2,active,312,3,1.91,0,2026-02-24T17:50:00Z
254,8,4,2026-02-25,Facebook Cpc Lookalike Prospecting Creative 2,active,417,5,2.96,0,2026-02-25T07:20:00Z
255,8,4,2026-02-26,Facebook Cpc Lookalike Prospecting Creative 2,active,252,3,1.67,0,2026-02-26T23:46:00Z
256,8,4,2026-02-27,Facebook Cpc Lookalike Prospecting Creative 2,active,594,6,3.2,0,2026-02-27T12:08:00Z
257,8,4,2026-02-28,Facebook Cpc Lookalike Prospecting Creative 2,active,289,3,2.06,0,2026-02-28T05:12:00Z
258,8,4,2026-03-01,Facebook Cpc Lookalike Prospecting Creative 2,active,280,4,2.5,0,2026-03-01T13:31:00Z
259,8,4,2026-03-02,Facebook Cpc Lookalike Prospecting Creative 2,active,297,4,2.33,0,2026-03-02T23:55:00Z
260,8,4,2026-03-03,Facebook Cpc Lookalike Prospecting Creative 2,active,347,4,2.4,0,2026-03-03T13:18:00Z
261,8,4,2026-03-04,Facebook Cpc Lookalike Prospecting Creative 2,active,362,5,3.15,0,2026-03-04T10:39:00Z
262,8,4,2026-03-05,Facebook Cpc Lookalike Prospecting Creative 2,active,406,5,3.27,0,2026-03-05T09:33:00Z
263,8,4,2026-03-06,Facebook Cpc Lookalike Prospecting Creative 2,active,297,4,2.82,0,2026-03-06T11:33:00Z
264,8,4,2026-03-07,Facebook Cpc Lookalike Prospecting Creative 2,active,253,3,1.79,0,2026-03-07T10:59:00Z
265,8,4,2026-03-08,Facebook Cpc Lookalike Prospecting Creative 2,active,139,2,1.72,0,2026-03-08T05:33:00Z
266,8,4,2026-03-09,Facebook Cpc Lookalike Prospecting Creative 2,active,253,3,1.94,0,2026-03-09T05:09:00Z
267,8,4,2026-03-10,Facebook Cpc Lookalike Prospecting Creative 2,active,348,5,2.93,0,2026-03-10T22:12:00Z
268,8,4,2026-03-11,Facebook Cpc Lookalike Prospecting Creative 2,active,497,5,3.05,0,2026-03-11T03:03:00Z
269,8,4,2026-03-12,Facebook Cpc Lookalike Prospecting Creative 2,active,241,3,2.19,0,2026-03-12T20:35:00Z
270,8,4,2026-03-13,Facebook Cpc Lookalike Prospecting Creative 2,active,355,4,3.02,0,2026-03-13T06:17:00Z
271,8,4,2026-03-14,Facebook Cpc Lookalike Prospecting Creative 2,active,286,4,2.64,0,2026-03-14T23:19:00Z
272,8,4,2026-03-15,Facebook Cpc Lookalike Prospecting Creative 2,active,301,4,2.55,0,2026-03-15T17:34:00Z
273,8,4,2026-03-16,Facebook Cpc Lookalike Prospecting Creative 2,active,284,3,2.19,0,2026-03-16T03:46:00Z
274,9,5,2026-05-29,Facebook Leadgen Campaign Creative 1,active,478,5,2.73,0,2026-05-29T04:51:00Z
275,9,5,2026-05-30,Facebook Leadgen Campaign Creative 1,active,236,3,2.26,0,2026-05-30T18:49:00Z
276,9,5,2026-05-31,Facebook Leadgen Campaign Creative 1,active,240,3,2.08,0,2026-05-31T23:55:00Z
277,9,5,2026-06-01,Facebook Leadgen Campaign Creative 1,active,430,6,3.71,0,2026-06-01T00:50:00Z
278,9,5,2026-06-02,Facebook Leadgen Campaign Creative 1,active,282,3,1.72,0,2026-06-02T19:09:00Z
279,9,5,2026-06-03,Facebook Leadgen Campaign Creative 1,active,337,4,2.04,0,2026-06-03T02:57:00Z
280,9,5,2026-06-04,Facebook Leadgen Campaign Creative 1,active,487,5,3.63,0,2026-06-04T13:42:00Z
281,9,5,2026-06-05,Facebook Leadgen Campaign Creative 1,active,452,5,3.24,0,2026-06-05T07:35:00Z
282,9,5,2026-06-06,Facebook Leadgen Campaign Creative 1,active,376,5,3.24,0,2026-06-06T11:19:00Z
283,9,5,2026-06-07,Facebook Leadgen Campaign Creative 1,active,270,3,2.22,0,2026-06-07T19:53:00Z
284,9,5,2026-06-08,Facebook Leadgen Campaign Creative 1,active,289,3,1.86,0,2026-06-08T08:45:00Z
285,9,5,2026-06-09,Facebook Leadgen Campaign Creative 1,active,427,5,2.67,0,2026-06-09T22:50:00Z
286,9,5,2026-06-10,Facebook Leadgen Campaign Creative 1,active,393,4,2.52,0,2026-06-10T20:22:00Z
287,9,5,2026-06-11,Facebook Leadgen Campaign Creative 1,active,218,3,1.88,0,2026-06-11T21:22:00Z
288,9,5,2026-06-12,Facebook Leadgen Campaign Creative 1,active,376,4,2.74,0,2026-06-12T06:24:00Z
289,9,5,2026-06-13,Facebook Leadgen Campaign Creative 1,active,213,3,2.1,0,2026-06-13T06:28:00Z
290,9,5,2026-06-14,Facebook Leadgen Campaign Creative 1,active,380,4,2.8,0,2026-06-14T10:06:00Z
291,9,5,2026-06-15,Facebook Leadgen Campaign Creative 1,active,286,4,3.03,0,2026-06-15T00:38:00Z
292,9,5,2026-06-16,Facebook Leadgen Campaign Creative 1,active,315,4,2.36,0,2026-06-16T12:02:00Z
293,9,5,2026-06-17,Facebook Leadgen Campaign Creative 1,active,231,3,2.45,0,2026-06-17T01:36:00Z
294,9,5,2026-06-18,Facebook Leadgen Campaign Creative 1,active,291,4,3.19,0,2026-06-18T19:40:00Z
295,9,5,2026-06-19,Facebook Leadgen Campaign Creative 1,active,383,4,2.54,0,2026-06-19T20:48:00Z
296,9,5,2026-06-20,Facebook Leadgen Campaign Creative 1,active,396,4,2.59,0,2026-06-20T19:57:00Z
297,9,5,2026-06-21,Facebook Leadgen Campaign Creative 1,active,231,3,1.77,0,2026-06-21T04:05:00Z
298,9,5,2026-06-22,Facebook Leadgen Campaign Creative 1,active,293,4,2.27,0,2026-06-22T20:45:00Z
299,9,5,2026-06-23,Facebook Leadgen Campaign Creative 1,active,397,4,2.52,0,2026-06-23T06:41:00Z
300,9,5,2026-06-24,Facebook Leadgen Campaign Creative 1,active,413,4,2.47,0,2026-06-24T10:57:00Z
301,9,5,2026-06-25,Facebook Leadgen Campaign Creative 1,active,287,4,2.97,0,2026-06-25T11:33:00Z
302,9,5,2026-06-26,Facebook Leadgen Campaign Creative 1,active,313,4,2.22,0,2026-06-26T21:42:00Z
303,9,5,2026-06-27,Facebook Leadgen Campaign Creative 1,active,380,4,2.47,0,2026-06-27T04:46:00Z
304,9,5,2026-06-28,Facebook Leadgen Campaign Creative 1,active,575,6,3.67,0,2026-06-28T19:12:00Z
305,9,5,2026-06-29,Facebook Leadgen Campaign Creative 1,active,259,3,1.97,0,2026-06-29T00:19:00Z
306,9,5,2026-06-30,Facebook Leadgen Campaign Creative 1,active,532,6,3.63,0,2026-06-30T18:53:00Z
307,10,5,2026-05-21,Facebook Leadgen Campaign Creative 2,active,244,3,1.79,0,2026-05-21T03:58:00Z
308,10,5,2026-05-22,Facebook Leadgen Campaign Creative 2,active,458,6,3.41,0,2026-05-22T18:40:00Z
309,10,5,2026-05-23,Facebook Leadgen Campaign Creative 2,active,226,3,2.12,0,2026-05-23T06:40:00Z
310,10,5,2026-05-24,Facebook Leadgen Campaign Creative 2,active,500,5,2.86,0,2026-05-24T07:19:00Z
311,10,5,2026-05-25,Facebook Leadgen Campaign Creative 2,active,315,4,2.72,0,2026-05-25T06:47:00Z
312,10,5,2026-05-26,Facebook Leadgen Campaign Creative 2,active,391,4,2.45,0,2026-05-26T22:18:00Z
313,10,5,2026-05-27,Facebook Leadgen Campaign Creative 2,active,389,4,2.27,0,2026-05-27T07:53:00Z
314,10,5,2026-05-28,Facebook Leadgen Campaign Creative 2,active,289,4,2.33,0,2026-05-28T09:16:00Z
315,10,5,2026-05-29,Facebook Leadgen Campaign Creative 2,active,276,3,2.32,0,2026-05-29T18:23:00Z
316,10,5,2026-05-30,Facebook Leadgen Campaign Creative 2,active,237,3,1.96,0,2026-05-30T20:43:00Z
317,10,5,2026-05-31,Facebook Leadgen Campaign Creative 2,active,409,4,2.7,0,2026-05-31T12:09:00Z
318,10,5,2026-06-01,Facebook Leadgen Campaign Creative 2,active,283,3,1.85,0,2026-06-01T11:41:00Z
319,10,5,2026-06-02,Facebook Leadgen Campaign Creative 2,active,298,4,2.69,0,2026-06-02T22:32:00Z
320,10,5,2026-06-03,Facebook Leadgen Campaign Creative 2,active,380,5,3.54,0,2026-06-03T16:49:00Z
321,10,5,2026-06-04,Facebook Leadgen Campaign Creative 2,active,376,4,2.35,0,2026-06-04T03:33:00Z
322,10,5,2026-06-05,Facebook Leadgen Campaign Creative 2,active,476,5,3.16,0,2026-06-05T18:20:00Z
323,10,5,2026-06-06,Facebook Leadgen Campaign Creative 2,active,438,5,3.36,0,2026-06-06T01:20:00Z
324,10,5,2026-06-07,Facebook Leadgen Campaign Creative 2,active,396,5,3.35,0,2026-06-07T00:10:00Z
325,10,5,2026-06-08,Facebook Leadgen Campaign Creative 2,active,268,3,2.11,0,2026-06-08T03:11:00Z
326,10,5,2026-06-09,Facebook Leadgen Campaign Creative 2,active,271,3,1.92,0,2026-06-09T05:48:00Z
327,10,5,2026-06-10,Facebook Leadgen Campaign Creative 2,active,297,4,2.03,0,2026-06-10T18:44:00Z
328,10,5,2026-06-11,Facebook Leadgen Campaign Creative 2,active,434,5,2.89,0,2026-06-11T08:46:00Z
329,10,5,2026-06-12,Facebook Leadgen Campaign Creative 2,active,446,5,3.23,0,2026-06-12T09:02:00Z
330,10,5,2026-06-13,Facebook Leadgen Campaign Creative 2,active,290,4,3.01,0,2026-06-13T16:06:00Z
331,10,5,2026-06-14,Facebook Leadgen Campaign Creative 2,active,225,3,1.98,0,2026-06-14T12:37:00Z
332,10,5,2026-06-15,Facebook Leadgen Campaign Creative 2,active,498,6,3.26,0,2026-06-15T19:44:00Z
333,10,5,2026-06-16,Facebook Leadgen Campaign Creative 2,active,379,4,2.66,0,2026-06-16T04:08:00Z
334,10,5,2026-06-17,Facebook Leadgen Campaign Creative 2,active,374,5,3.22,0,2026-06-17T02:19:00Z
335,10,5,2026-06-18,Facebook Leadgen Campaign Creative 2,active,486,5,3.23,0,2026-06-18T12:10:00Z
336,10,5,2026-06-19,Facebook Leadgen Campaign Creative 2,active,313,4,2.56,0,2026-06-19T05:19:00Z
337,10,5,2026-06-20,Facebook Leadgen Campaign Creative 2,active,572,6,3.58,0,2026-06-20T13:05:00Z
338,10,5,2026-06-21,Facebook Leadgen Campaign Creative 2,active,387,4,2.81,0,2026-06-21T11:00:00Z
339,10,5,2026-06-22,Facebook Leadgen Campaign Creative 2,active,444,5,2.96,0,2026-06-22T21:25:00Z
340,10,5,2026-06-23,Facebook Leadgen Campaign Creative 2,active,286,4,2.94,0,2026-06-23T14:45:00Z
341,10,5,2026-06-24,Facebook Leadgen Campaign Creative 2,active,429,6,3.45,0,2026-06-24T10:48:00Z
342,10,5,2026-06-25,Facebook Leadgen Campaign Creative 2,active,347,4,2.95,0,2026-06-25T09:52:00Z
343,11,6,2026-05-20,Facebook Leadgen Campaign Creative 1,active,363,5,3.31,0,2026-05-20T17:04:00Z
344,11,6,2026-05-21,Facebook Leadgen Campaign Creative 1,active,390,5,2.87,0,2026-05-21T00:14:00Z
345,11,6,2026-05-22,Facebook Leadgen Campaign Creative 1,active,287,3,2.36,0,2026-05-22T11:21:00Z
346,11,6,2026-05-23,Facebook Leadgen Campaign Creative 1,active,312,3,1.76,0,2026-05-23T12:58:00Z
347,11,6,2026-05-24,Facebook Leadgen Campaign Creative 1,active,467,5,2.59,0,2026-05-24T01:13:00Z
348,11,6,2026-05-25,Facebook Leadgen Campaign Creative 1,active,299,3,1.68,0,2026-05-25T05:27:00Z
349,11,6,2026-05-26,Facebook Leadgen Campaign Creative 1,active,361,4,2.39,0,2026-05-26T15:02:00Z
350,11,6,2026-05-27,Facebook Leadgen Campaign Creative 1,active,282,4,2.22,0,2026-05-27T12:43:00Z
351,11,6,2026-05-28,Facebook Leadgen Campaign Creative 1,active,495,5,2.98,0,2026-05-28T11:43:00Z
352,11,6,2026-05-29,Facebook Leadgen Campaign Creative 1,active,392,5,3.69,0,2026-05-29T00:10:00Z
353,11,6,2026-05-30,Facebook Leadgen Campaign Creative 1,active,243,3,1.8,0,2026-05-30T14:00:00Z
354,11,6,2026-05-31,Facebook Leadgen Campaign Creative 1,active,282,4,2.87,0,2026-05-31T01:19:00Z
355,11,6,2026-06-01,Facebook Leadgen Campaign Creative 1,active,304,4,2.43,0,2026-06-01T14:32:00Z
356,11,6,2026-06-02,Facebook Leadgen Campaign Creative 1,active,421,5,2.85,0,2026-06-02T17:23:00Z
357,11,6,2026-06-03,Facebook Leadgen Campaign Creative 1,active,574,6,3.64,0,2026-06-03T12:55:00Z
358,11,6,2026-06-04,Facebook Leadgen Campaign Creative 1,active,484,5,3.18,0,2026-06-04T22:37:00Z
359,11,6,2026-06-05,Facebook Leadgen Campaign Creative 1,active,249,3,1.69,0,2026-06-05T14:27:00Z
360,11,6,2026-06-06,Facebook Leadgen Campaign Creative 1,active,548,6,3.55,0,2026-06-06T15:29:00Z
361,11,6,2026-06-07,Facebook Leadgen Campaign Creative 1,active,361,5,2.83,0,2026-06-07T08:27:00Z
362,11,6,2026-06-08,Facebook Leadgen Campaign Creative 1,active,272,3,2.01,0,2026-06-08T17:17:00Z
363,11,6,2026-06-09,Facebook Leadgen Campaign Creative 1,active,442,5,2.9,0,2026-06-09T10:19:00Z
364,11,6,2026-06-10,Facebook Leadgen Campaign Creative 1,active,321,4,2.68,0,2026-06-10T01:34:00Z
365,11,6,2026-06-11,Facebook Leadgen Campaign Creative 1,active,463,5,3.65,0,2026-06-11T03:08:00Z
366,11,6,2026-06-12,Facebook Leadgen Campaign Creative 1,active,317,4,2.57,0,2026-06-12T08:22:00Z
367,11,6,2026-06-13,Facebook Leadgen Campaign Creative 1,active,387,5,3.34,0,2026-06-13T23:52:00Z
368,11,6,2026-06-14,Facebook Leadgen Campaign Creative 1,active,424,5,3.39,0,2026-06-14T11:02:00Z
369,11,6,2026-06-15,Facebook Leadgen Campaign Creative 1,active,420,6,3.7,0,2026-06-15T03:24:00Z
370,11,6,2026-06-16,Facebook Leadgen Campaign Creative 1,active,229,3,1.78,0,2026-06-16T20:47:00Z
371,11,6,2026-06-17,Facebook Leadgen Campaign Creative 1,active,434,5,2.99,0,2026-06-17T23:16:00Z
372,11,6,2026-06-18,Facebook Leadgen Campaign Creative 1,active,152,2,1.69,0,2026-06-18T13:07:00Z
373,11,6,2026-06-19,Facebook Leadgen Campaign Creative 1,active,324,4,3.12,0,2026-06-19T19:32:00Z
374,11,6,2026-06-20,Facebook Leadgen Campaign Creative 1,active,447,6,3.72,0,2026-06-20T01:23:00Z
375,11,6,2026-06-21,Facebook Leadgen Campaign Creative 1,active,376,4,2.72,0,2026-06-21T08:47:00Z
376,11,6,2026-06-22,Facebook Leadgen Campaign Creative 1,active,381,4,2.91,0,2026-06-22T01:38:00Z
377,12,6,2026-05-15,Facebook Leadgen Campaign Creative 2,active,573,6,3.57,0,2026-05-15T00:26:00Z
378,12,6,2026-05-16,Facebook Leadgen Campaign Creative 2,active,300,4,2.43,0,2026-05-16T08:17:00Z
379,12,6,2026-05-17,Facebook Leadgen Campaign Creative 2,active,373,5,3.26,0,2026-05-17T03:14:00Z
380,12,6,2026-05-18,Facebook Leadgen Campaign Creative 2,active,385,5,3.06,0,2026-05-18T19:18:00Z
381,12,6,2026-05-19,Facebook Leadgen Campaign Creative 2,active,160,2,1.72,0,2026-05-19T13:40:00Z
382,12,6,2026-05-20,Facebook Leadgen Campaign Creative 2,active,328,4,2.95,0,2026-05-20T17:00:00Z
383,12,6,2026-05-21,Facebook Leadgen Campaign Creative 2,active,359,4,2.32,0,2026-05-21T04:29:00Z
384,12,6,2026-05-22,Facebook Leadgen Campaign Creative 2,active,250,3,2.31,0,2026-05-22T05:43:00Z
385,12,6,2026-05-23,Facebook Leadgen Campaign Creative 2,active,347,4,2.8,0,2026-05-23T18:05:00Z
386,12,6,2026-05-24,Facebook Leadgen Campaign Creative 2,active,325,4,2.43,0,2026-05-24T06:47:00Z
387,12,6,2026-05-25,Facebook Leadgen Campaign Creative 2,active,264,3,2.14,0,2026-05-25T10:28:00Z
388,12,6,2026-05-26,Facebook Leadgen Campaign Creative 2,active,513,5,3.43,0,2026-05-26T05:39:00Z
389,12,6,2026-05-27,Facebook Leadgen Campaign Creative 2,active,514,6,3.67,0,2026-05-27T00:48:00Z
390,12,6,2026-05-28,Facebook Leadgen Campaign Creative 2,active,326,4,2.89,0,2026-05-28T07:24:00Z
391,12,6,2026-05-29,Facebook Leadgen Campaign Creative 2,active,293,3,1.93,0,2026-05-29T03:06:00Z
392,12,6,2026-05-30,Facebook Leadgen Campaign Creative 2,active,283,3,1.78,0,2026-05-30T09:11:00Z
393,12,6,2026-05-31,Facebook Leadgen Campaign Creative 2,active,301,4,3.02,0,2026-05-31T12:35:00Z
394,12,6,2026-06-01,Facebook Leadgen Campaign Creative 2,active,454,6,3.56,0,2026-06-01T19:17:00Z
395,12,6,2026-06-02,Facebook Leadgen Campaign Creative 2,active,353,4,2.27,0,2026-06-02T21:40:00Z
396,12,6,2026-06-03,Facebook Leadgen Campaign Creative 2,active,360,4,3.01,0,2026-06-03T12:14:00Z
397,12,6,2026-06-04,Facebook Leadgen Campaign Creative 2,active,334,4,3.02,0,2026-06-04T14:10:00Z
398,12,6,2026-06-05,Facebook Leadgen Campaign Creative 2,active,287,3,1.88,0,2026-06-05T17:53:00Z
399,12,6,2026-06-06,Facebook Leadgen Campaign Creative 2,active,423,5,3.12,0,2026-06-06T03:24:00Z
400,12,6,2026-06-07,Facebook Leadgen Campaign Creative 2,active,258,3,1.79,0,2026-06-07T06:40:00Z
401,12,6,2026-06-08,Facebook Leadgen Campaign Creative 2,active,468,5,2.8,0,2026-06-08T16:05:00Z
402,12,6,2026-06-09,Facebook Leadgen Campaign Creative 2,active,305,4,2.98,0,2026-06-09T10:39:00Z
403,12,6,2026-06-10,Facebook Leadgen Campaign Creative 2,active,324,4,2.31,0,2026-06-10T02:23:00Z
404,12,6,2026-06-11,Facebook Leadgen Campaign Creative 2,active,240,3,1.88,0,2026-06-11T12:35:00Z
405,12,6,2026-06-12,Facebook Leadgen Campaign Creative 2,active,475,5,3.11,0,2026-06-12T14:23:00Z
406,12,6,2026-06-13,Facebook Leadgen Campaign Creative 2,active,465,5,3.63,0,2026-06-13T22:58:00Z
407,12,6,2026-06-14,Facebook Leadgen Campaign Creative 2,active,586,6,3.74,0,2026-06-14T00:13:00Z
408,12,6,2026-06-15,Facebook Leadgen Campaign Creative 2,active,424,5,3.56,0,2026-06-15T14:15:00Z
409,12,6,2026-06-16,Facebook Leadgen Campaign Creative 2,active,210,3,1.8,0,2026-06-16T03:51:00Z
410,12,6,2026-06-17,Facebook Leadgen Campaign Creative 2,active,447,5,3.04,0,2026-06-17T05:15:00Z
411,12,6,2026-06-18,Facebook Leadgen Campaign Creative 2,active,281,4,2.69,0,2026-06-18T01:43:00Z
412,12,6,2026-06-19,Facebook Leadgen Campaign Creative 2,active,145,2,1.56,0,2026-06-19T12:04:00Z
