id,ad_id,date,impressions,clicks,cost,conversions,_fivetran_synced
1,1,2025-11-06,93,7,3.44,0,2025-11-06T03:43:00Z
2,1,2025-11-07,150,11,5.01,0,2025-11-07T22:38:00Z
3,1,2025-11-08,140,11,5.12,0,2025-11-08T02:58:00Z
4,1,2025-11-09,85,7,3.83,0,2025-11-09T07:18:00Z
5,1,2025-11-10,121,9,4.31,0,2025-11-10T01:23:00Z
6,1,2025-11-11,77,6,2.66,0,2025-11-11T13:25:00Z
7,1,2025-11-12,105,8,3.07,0,2025-11-12T17:26:00Z
8,1,2025-11-13,148,11,5.05,0,2025-11-13T06:08:00Z
9,1,2025-11-14,96,8,3.9,0,2025-11-14T22:42:00Z
10,1,2025-11-15,85,8,3.79,0,2025-11-15T09:37:00Z
11,1,2025-11-16,112,11,4.4,0,2025-11-16T14:17:00Z
12,1,2025-11-17,56,6,2.37,0,2025-11-17T14:04:00Z
13,1,2025-11-18,85,8,3.92,0,2025-11-18T07:33:00Z
14,1,2025-11-19,97,9,3.68,0,2025-11-19T15:29:00Z
15,1,2025-11-20,150,11,4.71,0,2025-11-20T02:18:00Z
16,1,2025-11-21,57,6,2.66,0,2025-11-21T11:44:00Z
17,1,2025-11-22,99,10,5.02,1,2025-11-22T12:39:00Z
18,1,2025-11-23,49,5,2.44,0,2025-11-23T13:15:00Z
19,1,2025-11-24,74,7,2.75,0,2025-11-24T13:29:00Z
20,1,2025-11-25,94,9,3.95,0,2025-11-25T22:36:00Z
21,1,2025-11-26,113,11,4.18,0,2025-11-26T01:15:00Z
22,1,2025-11-27,77,6,2.89,0,2025-11-27T20:34:00Z
23,1,2025-11-28,57,6,2.55,0,2025-11-28T22:46:00Z
24,1,2025-11-29,125,10,4.82,1,2025-11-29T15:26:00Z
25,1,2025-11-30,65,6,2.92,0,2025-11-30T11:04:00Z
26,1,2025-12-01,89,8,3.95,0,2025-12-01T10:26:00Z
27,1,2025-12-02,111,9,4.02,0,2025-12-02T16:02:00Z
28,1,2025-12-03,107,8,3.43,0,2025-12-03T22:43:00Z
29,1,2025-12-04,93,8,3.92,0,2025-12-04T23:25:00Z
30,1,2025-12-05,93,8,3.74,0,2025-12-05T00:16:00Z
31,1,2025-12-06,114,12,4.95,0,2025-12-06T10:42:00Z
32,1,2025-12-07,67,6,2.8,0,2025-12-07T02:05:00Z
33,1,2025-12-08,111,9,4.3,0,2025-12-08T14:08:00Z
34,1,2025-12-09,85,7,2.9,0,2025-12-09T05:10:00Z
35,2,2025-11-13,64,6,3.08,1,2025-11-13T05:18:00Z
36,2,2025-11-14,81,8,3.13,0,2025-11-14T05:04:00Z
37,2,2025-11-15,124,9,4.41,0,2025-11-15T08:09:00Z
38,2,2025-11-16,64,5,2.41,0,2025-11-16T22:02:00Z
39,2,2025-11-17,77,7,3.55,0,2025-11-17T14:44:00Z
40,2,2025-11-18,137,13,5.13,0,2025-11-18T16:41:00Z
41,2,2025-11-19,115,11,5.13,0,2025-11-19T03:24:00Z
42,2,2025-11-20,57,5,2.42,0,2025-11-20T19:00:00Z
43,2,2025-11-21,82,7,2.83,0,2025-11-21T06:59:00Z
44,2,2025-11-22,67,7,2.98,0,2025-11-22T06:05:00Z
45,2,2025-11-23,178,13,4.94,0,2025-11-23T00:21:00Z
46,2,2025-11-24,104,10,4.79,0,2025-11-24T02:14:00Z
47,2,2025-11-25,119,9,4.78,0,2025-11-25T21:10:00Z
48,2,2025-11-26,95,7,3.29,0,2025-11-26T16:06:00Z
49,2,2025-11-27,60,5,2.66,0,2025-11-27T20:12:00Z
50,2,2025-11-28,95,10,4.65,0,2025-11-28T12:27:00Z
51,2,2025-11-29,138,11,4.27,0,2025-11-29T11:20:00Z
52,2,2025-11-30,116,10,4.0,0,2025-11-30T10:00:00Z
53,2,2025-12-01,136,12,5.1,0,2025-12-01T02:42:00Z
54,2,2025-12-02,84,8,4.12,0,2025-12-02T11:02:00Z
55,2,2025-12-03,75,6,2.22,0,2025-12-03T09:49:00Z
56,2,2025-12-04,93,10,4.6,0,2025-12-04T03:45:00Z
57,2,2025-12-05,65,7,3.08,0,2025-12-05T18:10:00Z
58,2,2025-12-06,133,10,4.15,2,2025-12-06T10:40:00Z
59,2,2025-12-07,104,10,4.96,0,2025-12-07T22:08:00Z
60,2,2025-12-08,63,6,2.6,1,2025-12-08T22:20:00Z
61,2,2025-12-09,52,5,2.54,0,2025-12-09T02:21:00Z
62,2,2025-12-10,67,7,2.52,0,2025-12-10T14:24:00Z
63,2,2025-12-11,81,8,3.83,0,2025-12-11T16:37:00Z
64,2,2025-12-12,83,6,3.0,0,2025-12-12T00:39:00Z
65,2,2025-12-13,105,8,3.98,0,2025-12-13T07:47:00Z
66,2,2025-12-14,124,10,4.31,0,2025-12-14T02:03:00Z
67,2,2025-12-15,78,7,2.8,1,2025-12-15T06:09:00Z
68,2,2025-12-16,95,9,4.06,0,2025-12-16T07:59:00Z
69,2,2025-12-17,56,6,2.98,0,2025-12-17T14:47:00Z
70,2,2025-12-18,91,7,3.64,0,2025-12-18T10:41:00Z
71,2,2025-12-19,136,10,4.86,0,2025-12-19T13:41:00Z
72,2,2025-12-20,101,10,4.69,0,2025-12-20T07:54:00Z
73,2,2025-12-21,59,5,2.47,0,2025-12-21T06:34:00Z
74,2,2025-12-22,86,9,3.45,0,2025-12-22T07:51:00Z
75,2,2025-12-23,61,6,3.01,0,2025-12-23T19:55:00Z
76,2,2025-12-24,60,5,2.21,0,2025-12-24T14:40:00Z
77,2,2025-12-25,116,12,4.47,0,2025-12-25T02:12:00Z
78,2,2025-12-26,93,10,4.07,0,2025-12-26T06:08:00Z
79,2,2025-12-27,86,8,2.97,0,2025-12-27T06:15:00Z
80,3,2025-11-05,57,5,2.23,0,2025-11-05T14:19:00Z
81,3,2025-11-06,76,6,2.42,0,2025-11-06T13:11:00Z
82,3,2025-11-07,121,10,4.79,0,2025-11-07T18:28:00Z
83,3,2025-11-08,114,9,4.86,0,2025-11-08T15:05:00Z
84,3,2025-11-09,82,7,3.8,0,2025-11-09T12:10:00Z
85,3,2025-11-10,115,10,4.65,0,2025-11-10T19:47:00Z
86,3,2025-11-11,116,9,3.91,1,2025-11-11T15:01:00Z
87,3,2025-11-12,57,5,2.64,0,2025-11-12T02:48:00Z
88,3,2025-11-13,60,5,2.58,1,2025-11-13T17:09:00Z
89,3,2025-11-14,89,7,3.11,0,2025-11-14T12:29:00Z
90,3,2025-11-15,134,11,4.84,0,2025-11-15T17:38:00Z
91,3,2025-11-16,119,10,4.54,0,2025-11-16T22:30:00Z
92,3,2025-11-17,114,12,4.73,0,2025-11-17T00:00:00Z
93,3,2025-11-18,102,10,4.84,0,2025-11-18T11:31:00Z
94,3,2025-11-19,69,6,2.82,0,2025-11-19T12:47:00Z
95,3,2025-11-20,78,7,2.93,0,2025-11-20T20:37:00Z
96,3,2025-11-21,58,6,2.5,0,2025-11-21T03:24:00Z
97,3,2025-11-22,116,9,4.49,1,2025-11-22T13:16:00Z
98,3,2025-11-23,101,10,4.8,1,2025-11-23T11:32:00Z
99,3,2025-11-24,74,7,3.39,0,2025-11-24T11:44:00Z
100,3,2025-11-25,116,10,4.02,0,2025-11-25T13:47:00Z
101,3,2025-11-26,67,6,2.66,0,2025-11-26T11:40:00Z
102,3,2025-11-27,137,10,4.93,0,2025-11-27T21:41:00Z
103,3,2025-11-28,128,12,4.74,0,2025-11-28T21:09:00Z
104,3,2025-11-29,128,12,5.07,0,2025-11-29T21:53:00Z
105,3,2025-11-30,144,11,4.58,0,2025-11-30T02:41:00Z
106,3,2025-12-01,117,10,4.79,0,2025-12-01T22:37:00Z
107,3,2025-12-02,53,4,2.27,0,2025-12-02T06:56:00Z
108,3,2025-12-03,98,10,4.36,0,2025-12-03T08:44:00Z
109,3,2025-12-04,75,8,3.18,0,2025-12-04T21:56:00Z
110,3,2025-12-05,132,11,4.93,0,2025-12-05T13:48:00Z
111,3,2025-12-06,92,9,4.56,0,2025-12-06T02:06:00Z
112,3,2025-12-07,100,10,4.74,1,2025-12-07T11:52:00Z
113,3,2025-12-08,111,11,4.58,0,2025-12-08T23:25:00Z
114,3,2025-12-09,83,6,2.99,0,2025-12-09T05:52:00Z
115,3,2025-12-10,132,10,4.51,0,2025-12-10T22:26:00Z
116,3,2025-12-11,63,6,2.52,0,2025-12-11T23:27:00Z
117,3,2025-12-12,140,12,4.76,0,2025-12-12T22:08:00Z
118,3,2025-12-13,153,12,4.72,0,2025-12-13T03:28:00Z
119,3,2025-12-14,75,6,2.85,0,2025-12-14T06:03:00Z
120,3,2025-12-15,99,10,4.6,0,2025-12-15T06:16:00Z
121,3,2025-12-16,68,7,3.55,0,2025-12-16T14:40:00Z
122,4,2025-10-30,53,4,2.27,0,2025-10-30T20:10:00Z
123,4,2025-10-31,93,7,2.77,0,2025-10-31T03:17:00Z
124,4,2025-11-01,109,8,3.17,0,2025-11-01T07:30:00Z
125,4,2025-11-02,111,11,4.74,0,2025-11-02T00:03:00Z
126,4,2025-11-03,113,12,5.04,1,2025-11-03T21:37:00Z
127,4,2025-11-04,82,6,3.02,0,2025-11-04T06:33:00Z
128,4,2025-11-05,94,8,4.08,0,2025-11-05T16:48:00Z
129,4,2025-11-06,89,8,3.38,0,2025-11-06T10:38:00Z
130,4,2025-11-07,141,12,5.08,0,2025-11-07T10:20:00Z
131,4,2025-11-08,76,8,3.78,0,2025-11-08T21:25:00Z
132,4,2025-11-09,149,11,4.96,0,2025-11-09T11:55:00Z
133,4,2025-11-10,79,6,2.54,0,2025-11-10T14:55:00Z
134,4,2025-11-11,112,11,5.05,0,2025-11-11T04:01:00Z
135,4,2025-11-12,58,6,2.73,0,2025-11-12T08:44:00Z
136,4,2025-11-13,124,10,5.03,0,2025-11-13T14:39:00Z
137,4,2025-11-14,58,6,2.98,1,2025-11-14T16:26:00Z
138,4,2025-11-15,69,5,2.52,0,2025-11-15T20:52:00Z
139,4,2025-11-16,84,8,3.48,0,2025-11-16T01:51:00Z
140,4,2025-11-17,93,9,4.34,0,2025-11-17T07:38:00Z
141,4,2025-11-18,71,7,3.12,0,2025-11-18T02:22:00Z
142,4,2025-11-19,85,9,3.98,0,2025-11-19T15:42:00Z
143,4,2025-11-20,67,7,3.7,0,2025-11-20T23:24:00Z
144,4,2025-11-21,101,8,3.33,1,2025-11-21T04:55:00Z
145,4,2025-11-22,97,9,3.89,0,2025-11-22T22:32:00Z
146,4,2025-11-23,89,8,2.95,0,2025-11-23T02:19:00Z
147,4,2025-11-24,83,9,4.28,0,2025-11-24T14:10:00Z
148,4,2025-11-25,38,4,2.21,1,2025-11-25T15:42:00Z
149,4,2025-11-26,136,11,4.92,0,2025-11-26T05:48:00Z
150,4,2025-11-27,72,7,3.78,0,2025-11-27T03:27:00Z
151,4,2025-11-28,110,8,4.31,0,2025-11-28T10:57:00Z
152,4,2025-11-29,122,10,4.38,0,2025-11-29T23:16:00Z
153,4,2025-11-30,85,9,4.18,0,2025-11-30T21:07:00Z
154,5,2025-10-19,53,2,1.65,0,2025-10-19T02:21:00Z
155,5,2025-10-20,38,2,1.86,0,2025-10-20T23:07:00Z
156,5,2025-10-21,26,1,1.42,0,2025-10-21T10:24:00Z
157,5,2025-10-22,56,2,1.9,0,2025-10-22T01:37:00Z
158,5,2025-10-23,39,2,1.72,0,2025-10-23T13:20:00Z
159,5,2025-10-24,20,1,1.24,0,2025-10-24T04:33:00Z
160,5,2025-10-25,43,2,1.86,0,2025-10-25T03:25:00Z
161,5,2025-10-26,39,2,1.49,0,2025-10-26T10:09:00Z
162,5,2025-10-27,48,2,1.97,0,2025-10-27T07:31:00Z
163,5,2025-10-28,26,1,1.22,0,2025-10-28T09:09:00Z
164,5,2025-10-29,39,2,1.74,0,2025-10-29T22:02:00Z
165,5,2025-10-30,24,1,1.52,0,2025-10-30T22:07:00Z
166,5,2025-10-31,39,2,2.08,0,2025-10-31T18:30:00Z
167,5,2025-11-01,25,1,1.39,0,2025-11-01T09:45:00Z
168,5,2025-11-02,27,1,1.26,0,2025-11-02T10:09:00Z
169,5,2025-11-03,50,2,2.02,1,2025-11-03T23:59:00Z
170,5,2025-11-04,41,2,1.79,0,2025-11-04T01:59:00Z
171,5,2025-11-05,25,1,1.41,0,2025-11-05T15:46:00Z
172,5,2025-11-06,37,2,1.57,0,2025-11-06T21:58:00Z
173,5,2025-11-07,37,2,1.88,0,2025-11-07T17:25:00Z
174,5,2025-11-08,41,2,1.66,0,2025-11-08T11:48:00Z
175,5,2025-11-09,54,2,2.03,0,2025-11-09T23:18:00Z
176,5,2025-11-10,38,2,2.25,0,2025-11-10T22:54:00Z
177,5,2025-11-11,53,2,1.96,0,2025-11-11T10:48:00Z
178,5,2025-11-12,39,2,1.85,0,2025-11-12T01:54:00Z
179,5,2025-11-13,24,1,1.36,0,2025-11-13T20:10:00Z
180,5,2025-11-14,46,2,1.86,0,2025-11-14T15:18:00Z
181,5,2025-11-15,50,2,1.8,0,2025-11-15T23:12:00Z
182,5,2025-11-16,28,1,1.11,0,2025-11-16T23:54:00Z
183,5,2025-11-17,41,2,2.24,0,2025-11-17T04:24:00Z
184,5,2025-11-18,23,1,1.3,0,2025-11-18T05:59:00Z
185,5,2025-11-19,47,2,1.4,0,2025-11-19T15:11:00Z
186,5,2025-11-20,52,2,2.05,0,2025-11-20T16:41:00Z
187,5,2025-11-21,23,1,1.18,0,2025-11-21T04:40:00Z
188,6,2025-12-03,49,2,2.1,0,2025-12-03T03:15:00Z
189,6,2025-12-04,24,1,1.08,0,2025-12-04T19:11:00Z
190,6,2025-12-05,23,1,1.53,0,2025-12-05T22:50:00Z
191,6,2025-12-06,53,2,1.82,0,2025-12-06T14:55:00Z
192,6,2025-12-07,23,1,1.24,0,2025-12-07T20:41:00Z
193,6,2025-12-08,55,2,1.9,0,2025-12-08T03:05:00Z
194,6,2025-12-09,42,2,1.64,0,2025-12-09T16:14:00Z
195,6,2025-12-10,22,1,1.31,0,2025-12-10T18:30:00Z
196,6,2025-12-11,40,2,1.85,0,2025-12-11T18:11:00Z
197,6,2025-12-12,19,1,0.99,0,2025-12-12T22:27:00Z
198,6,2025-12-13,52,2,1.97,0,2025-12-13T10:04:00Z
199,6,2025-12-14,39,2,2.0,0,2025-12-14T17:11:00Z
200,6,2025-12-15,21,1,1.13,0,2025-12-15T12:35:00Z
201,6,2025-12-16,20,1,1.55,0,2025-12-16T16:31:00Z
202,6,2025-12-17,20,1,1.22,0,2025-12-17T17:45:00Z
203,6,2025-12-18,42,2,2.25,0,2025-12-18T06:42:00Z
204,6,2025-12-19,25,1,1.67,0,2025-12-19T19:44:00Z
205,6,2025-12-20,22,1,1.05,0,2025-12-20T10:07:00Z
206,6,2025-12-21,22,1,1.31,0,2025-12-21T20:10:00Z
207,6,2025-12-22,49,2,2.1,0,2025-12-22T01:05:00Z
208,6,2025-12-23,22,1,1.59,0,2025-12-23T11:34:00Z
209,6,2025-12-24,37,2,2.04,0,2025-12-24T21:00:00Z
210,6,2025-12-25,54,2,1.87,1,2025-12-25T16:57:00Z
211,6,2025-12-26,42,2,2.29,0,2025-12-26T14:08:00Z
212,6,2025-12-27,41,2,1.77,0,2025-12-27T16:58:00Z
213,6,2025-12-28,47,2,2.24,1,2025-12-28T17:32:00Z
214,6,2025-12-29,53,2,2.16,0,2025-12-29T01:15:00Z
215,6,2025-12-30,52,2,1.79,0,2025-12-30T06:08:00Z
216,6,2025-12-31,50,2,1.93,0,2025-12-31T11:17:00Z
217,6,2026-01-01,42,2,1.65,0,2026-01-01T02:35:00Z
218,6,2026-01-02,47,2,2.08,0,2026-01-02T05:25:00Z
219,6,2026-01-03,38,2,1.71,0,2026-01-03T21:27:00Z
220,6,2026-01-04,52,2,2.17,0,2026-01-04T06:04:00Z
221,6,2026-01-05,49,2,1.97,0,2026-01-05T20:44:00Z
222,6,2026-01-06,20,1,1.61,0,2026-01-06T18:42:00Z
223,6,2026-01-07,22,1,1.33,0,2026-01-07T05:26:00Z
224,6,2026-01-08,24,1,1.31,0,2026-01-08T13:24:00Z
225,6,2026-01-09,43,2,1.83,0,2026-01-09T02:17:00Z
226,6,2026-01-10,53,2,1.99,0,2026-01-10T17:26:00Z
227,6,2026-01-11,42,2,1.67,0,2026-01-11T11:58:00Z
228,6,2026-01-12,49,2,1.81,0,2026-01-12T07:17:00Z
229,6,2026-01-13,47,2,1.35,0,2026-01-13T07:24:00Z
230,6,2026-01-14,20,1,1.09,0,2026-01-14T03:11:00Z
231,6,2026-01-15,19,1,1.36,0,2026-01-15T18:52:00Z
232,7,2025-12-12,27,1,1.17,1,2025-12-12T11:44:00Z
233,7,2025-12-13,24,1,1.29,0,2025-12-13T08:38:00Z
234,7,2025-12-14,54,2,1.9,0,2025-12-14T10:48:00Z
235,7,2025-12-15,47,2,1.92,0,2025-12-15T23:43:00Z
236,7,2025-12-16,22,1,1.07,0,2025-12-16T19:56:00Z
237,7,2025-12-17,22,1,1.52,0,2025-12-17T04:16:00Z
238,7,2025-12-18,44,2,1.7,0,2025-12-18T04:42:00Z
239,7,2025-12-19,47,2,1.53,0,2025-12-19T23:17:00Z
240,7,2025-12-20,20,1,1.26,1,2025-12-20T11:45:00Z
241,7,2025-12-21,21,1,1.54,0,2025-12-21T13:45:00Z
242,7,2025-12-22,46,2,2.18,0,2025-12-22T11:51:00Z
243,7,2025-12-23,49,2,1.76,0,2025-12-23T13:33:00Z
244,7,2025-12-24,39,2,1.9,0,2025-12-24T07:19:00Z
245,7,2025-12-25,53,2,2.11,0,2025-12-25T09:26:00Z
246,7,2025-12-26,39,2,1.99,0,2025-12-26T20:05:00Z
247,7,2025-12-27,50,2,1.49,0,2025-12-27T02:10:00Z
248,7,2025-12-28,27,1,0.99,0,2025-12-28T09:35:00Z
249,7,2025-12-29,20,1,1.45,0,2025-12-29T00:27:00Z
250,7,2025-12-30,38,2,1.98,0,2025-12-30T04:30:00Z
251,7,2025-12-31,41,2,2.11,0,2025-12-31T21:56:00Z
252,7,2026-01-01,52,2,2.24,0,2026-01-01T00:39:00Z
253,7,2026-01-02,39,2,1.54,0,2026-01-02T00:45:00Z
254,7,2026-01-03,44,2,1.97,0,2026-01-03T11:15:00Z
255,7,2026-01-04,21,1,1.71,0,2026-01-04T16:43:00Z
256,7,2026-01-05,43,2,1.78,0,2026-01-05T05:43:00Z
257,7,2026-01-06,20,1,1.28,0,2026-01-06T07:11:00Z
258,7,2026-01-07,20,1,1.28,1,2026-01-07T16:22:00Z
259,8,2025-10-07,23,1,1.43,0,2025-10-07T12:10:00Z
260,8,2025-10-08,53,2,1.88,0,2025-10-08T21:15:00Z
261,8,2025-10-09,19,1,1.52,0,2025-10-09T03:18:00Z
262,8,2025-10-10,24,1,1.2,0,2025-10-10T06:00:00Z
263,8,2025-10-11,22,1,1.6,1,2025-10-11T06:59:00Z
264,8,2025-10-12,19,1,1.15,0,2025-10-12T20:32:00Z
265,8,2025-10-13,55,2,1.81,0,2025-10-13T14:57:00Z
266,8,2025-10-14,22,1,1.02,0,2025-10-14T11:00:00Z
267,8,2025-10-15,24,1,1.51,0,2025-10-15T11:06:00Z
268,8,2025-10-16,38,2,1.73,0,2025-10-16T05:25:00Z
269,8,2025-10-17,26,1,1.02,0,2025-10-17T15:12:00Z
270,8,2025-10-18,44,2,1.83,0,2025-10-18T04:26:00Z
271,8,2025-10-19,22,1,1.17,0,2025-10-19T04:49:00Z
272,8,2025-10-20,25,1,1.59,0,2025-10-20T12:23:00Z
273,8,2025-10-21,23,1,1.05,0,2025-10-21T05:34:00Z
274,8,2025-10-22,26,1,1.49,0,2025-10-22T14:42:00Z
275,8,2025-10-23,26,1,1.27,0,2025-10-23T11:47:00Z
276,8,2025-10-24,24,1,1.42,1,2025-10-24T22:12:00Z
277,8,2025-10-25,49,2,1.99,0,2025-10-25T04:25:00Z
278,8,2025-10-26,24,1,1.49,0,2025-10-26T01:10:00Z
279,8,2025-10-27,38,2,1.98,0,2025-10-27T21:17:00Z
280,8,2025-10-28,45,2,2.08,0,2025-10-28T15:51:00Z
281,8,2025-10-29,26,1,1.32,0,2025-10-29T12:32:00Z
282,8,2025-10-30,20,1,1.09,0,2025-10-30T12:08:00Z
283,8,2025-10-31,26,1,1.01,0,2025-10-31T00:08:00Z
284,8,2025-11-01,44,2,1.7,0,2025-11-01T21:15:00Z
285,8,2025-11-02,59,3,2.3,0,2025-11-02T13:38:00Z
286,8,2025-11-03,23,1,1.45,0,2025-11-03T09:18:00Z
287,8,2025-11-04,40,2,1.84,0,2025-11-04T07:39:00Z
288,8,2025-11-05,44,2,2.01,1,2025-11-05T07:17:00Z
289,8,2025-11-06,39,2,1.84,0,2025-11-06T22:15:00Z
290,8,2025-11-07,46,2,1.98,0,2025-11-07T15:45:00Z
291,8,2025-11-08,53,2,2.24,0,2025-11-08T23:32:00Z
292,8,2025-11-09,25,1,1.25,0,2025-11-09T18:40:00Z
293,8,2025-11-10,25,1,1.01,0,2025-11-10T04:25:00Z
294,8,2025-11-11,19,1,1.19,0,2025-11-11T04:27:00Z
295,8,2025-11-12,25,1,1.14,0,2025-11-12T01:24:00Z
296,9,2026-03-20,162,6,3.1,0,2026-03-20T09:07:00Z
297,9,2026-03-21,251,8,3.92,0,2026-03-21T11:45:00Z
298,9,2026-03-22,185,6,3.36,0,2026-03-22T01:11:00Z
299,9,2026-03-23,244,7,3.5,0,2026-03-23T23:20:00Z
300,9,2026-03-24,116,4,2.09,0,2026-03-24T19:06:00Z
301,9,2026-03-25,159,5,2.43,0,2026-03-25T15:23:00Z
302,9,2026-03-26,203,6,3.04,0,2026-03-26T21:00:00Z
303,9,2026-03-27,180,7,3.84,0,2026-03-27T04:21:00Z
304,9,2026-03-28,153,6,3.04,0,2026-03-28T23:49:00Z
305,9,2026-03-29,192,7,3.8,0,2026-03-29T07:41:00Z
306,9,2026-03-30,138,5,2.58,0,2026-03-30T02:56:00Z
307,9,2026-03-31,217,8,3.87,0,2026-03-31T19:07:00Z
308,9,2026-04-01,120,5,2.17,0,2026-04-01T20:52:00Z
309,9,2026-04-02,158,6,3.07,0,2026-04-02T03:04:00Z
310,9,2026-04-03,164,6,3.62,0,2026-04-03T09:46:00Z
311,9,2026-04-04,103,4,2.27,0,2026-04-04T17:46:00Z
312,9,2026-04-05,235,7,3.31,1,2026-04-05T13:35:00Z
313,9,2026-04-06,99,4,2.41,0,2026-04-06T17:22:00Z
314,9,2026-04-07,146,5,3.28,0,2026-04-07T22:07:00Z
315,9,2026-04-08,207,6,3.56,0,2026-04-08T13:33:00Z
316,9,2026-04-09,171,6,3.54,0,2026-04-09T00:10:00Z
317,9,2026-04-10,132,5,3.01,0,2026-04-10T04:18:00Z
318,9,2026-04-11,111,4,1.81,0,2026-04-11T22:12:00Z
319,9,2026-04-12,149,5,2.94,0,2026-04-12T21:34:00Z
320,9,2026-04-13,120,5,3.23,0,2026-04-13T05:28:00Z
321,9,2026-04-14,90,3,1.87,0,2026-04-14T12:25:00Z
322,9,2026-04-15,194,6,3.2,0,2026-04-15T00:10:00Z
323,9,2026-04-16,83,3,1.75,0,2026-04-16T00:56:00Z
324,9,2026-04-17,114,4,2.68,0,2026-04-17T16:45:00Z
325,9,2026-04-18,158,5,2.84,1,2026-04-18T07:18:00Z
326,10,2026-03-29,168,6,3.34,0,2026-03-29T05:14:00Z
327,10,2026-03-30,191,6,2.71,0,2026-03-30T01:40:00Z
328,10,2026-03-31,173,7,3.4,0,2026-03-31T04:17:00Z
329,10,2026-04-01,209,6,3.93,0,2026-04-01T07:52:00Z
330,10,2026-04-02,169,5,2.34,0,2026-04-02T20:22:00Z
331,10,2026-04-03,144,6,3.57,0,2026-04-03T10:05:00Z
332,10,2026-04-04,124,5,2.95,0,2026-04-04T08:46:00Z
333,10,2026-04-05,148,6,2.82,0,2026-04-05T09:20:00Z
334,10,2026-04-06,109,4,2.71,0,2026-04-06T00:52:00Z
335,10,2026-04-07,157,6,3.39,0,2026-04-07T08:11:00Z
336,10,2026-04-08,177,5,2.33,0,2026-04-08T21:55:00Z
337,10,2026-04-09,154,6,3.67,0,2026-04-09T03:46:00Z
338,10,2026-04-10,180,6,3.62,0,2026-04-10T20:16:00Z
339,10,2026-04-11,81,3,1.92,0,2026-04-11T17:13:00Z
340,10,2026-04-12,193,6,3.74,0,2026-04-12T08:13:00Z
341,10,2026-04-13,102,4,2.28,0,2026-04-13T12:09:00Z
342,10,2026-04-14,131,5,2.78,0,2026-04-14T13:23:00Z
343,10,2026-04-15,173,6,3.11,0,2026-04-15T15:11:00Z
344,10,2026-04-16,127,5,2.58,0,2026-04-16T05:12:00Z
345,10,2026-04-17,73,3,1.78,0,2026-04-17T05:41:00Z
346,10,2026-04-18,216,7,3.67,0,2026-04-18T05:52:00Z
347,10,2026-04-19,110,4,2.13,1,2026-04-19T02:09:00Z
348,10,2026-04-20,159,5,2.2,0,2026-04-20T20:25:00Z
349,10,2026-04-21,198,7,3.54,0,2026-04-21T23:48:00Z
350,10,2026-04-22,110,4,2.5,1,2026-04-22T12:24:00Z
351,10,2026-04-23,202,8,3.73,0,2026-04-23T20:59:00Z
352,10,2026-04-24,222,7,3.32,0,2026-04-24T02:17:00Z
353,10,2026-04-25,136,5,2.35,0,2026-04-25T00:50:00Z
354,10,2026-04-26,72,3,1.74,0,2026-04-26T03:34:00Z
355,10,2026-04-27,214,7,3.89,0,2026-04-27T22:05:00Z
356,10,2026-04-28,115,4,1.91,0,2026-04-28T18:57:00Z
357,10,2026-04-29,198,6,3.37,0,2026-04-29T10:30:00Z
358,10,2026-04-30,208,6,2.84,0,2026-04-30T22:17:00Z
359,10,2026-05-01,202,6,3.45,0,2026-05-01T01:06:00Z
360,10,2026-05-02,204,6,3.3,0,2026-05-02T13:09:00Z
361,10,2026-05-03,225,7,3.2,0,2026-05-03T07:27:00Z
362,10,2026-05-04,152,5,2.84,0,2026-05-04T09:14:00Z
363,10,2026-05-05,160,6,3.53,0,2026-05-05T21:56:00Z
364,10,2026-05-06,74,3,1.93,0,2026-05-06T15:10:00Z
365,11,2026-03-18,128,4,2.56,0,2026-03-18T09:22:00Z
366,11,2026-03-19,184,6,2.98,0,2026-03-19T11:59:00Z
367,11,2026-03-20,137,4,2.5,0,2026-03-20T01:38:00Z
368,11,2026-03-21,235,8,4.0,0,2026-03-21T10:38:00Z
369,11,2026-03-22,177,6,2.98,0,2026-03-22T21:43:00Z
370,11,2026-03-23,127,5,2.52,0,2026-03-23T11:56:00Z
371,11,2026-03-24,147,6,2.76,0,2026-03-24T21:23:00Z
372,11,2026-03-25,102,4,2.42,0,2026-03-25T22:51:00Z
373,11,2026-03-26,178,5,2.24,0,2026-03-26T04:49:00Z
374,11,2026-03-27,185,6,3.37,0,2026-03-27T12:28:00Z
375,11,2026-03-28,103,4,2.44,0,2026-03-28T15:52:00Z
376,11,2026-03-29,194,7,3.42,0,2026-03-29T23:17:00Z
377,11,2026-03-30,246,8,3.89,1,2026-03-30T04:11:00Z
378,11,2026-03-31,182,6,3.3,0,2026-03-31T15:27:00Z
379,11,2026-04-01,96,4,2.16,0,2026-04-01T19:50:00Z
380,11,2026-04-02,200,6,3.41,1,2026-04-02T20:58:00Z
381,11,2026-04-03,148,5,2.35,0,2026-04-03T15:34:00Z
382,11,2026-04-04,169,6,3.07,0,2026-04-04T07:24:00Z
383,11,2026-04-05,184,7,3.46,1,2026-04-05T16:36:00Z
384,11,2026-04-06,127,5,3.08,0,2026-04-06T07:44:00Z
385,11,2026-04-07,242,8,3.96,0,2026-04-07T06:54:00Z
386,11,2026-04-08,223,8,3.62,0,2026-04-08T04:58:00Z
387,11,2026-04-09,123,5,2.4,0,2026-04-09T11:54:00Z
388,11,2026-04-10,103,4,2.54,0,2026-04-10T04:18:00Z
389,11,2026-04-11,101,4,2.41,0,2026-04-11T17:59:00Z
390,11,2026-04-12,159,5,3.34,0,2026-04-12T07:03:00Z
391,11,2026-04-13,101,3,2.01,0,2026-04-13T22:45:00Z
392,11,2026-04-14,105,4,1.82,0,2026-04-14T22:27:00Z
393,11,2026-04-15,79,3,1.84,0,2026-04-15T21:37:00Z
394,11,2026-04-16,126,5,2.39,0,2026-04-16T05:01:00Z
395,11,2026-04-17,267,8,3.88,0,2026-04-17T07:04:00Z
396,11,2026-04-18,177,7,3.18,0,2026-04-18T13:09:00Z
397,11,2026-04-19,174,6,3.44,0,2026-04-19T04:47:00Z
398,11,2026-04-20,97,4,1.95,1,2026-04-20T15:26:00Z
399,11,2026-04-21,88,3,1.75,0,2026-04-21T20:44:00Z
400,11,2026-04-22,169,5,2.37,0,2026-04-22T01:56:00Z
401,11,2026-04-23,137,5,2.81,0,2026-04-23T05:32:00Z
402,11,2026-04-24,149,5,2.5,0,2026-04-24T13:43:00Z
403,11,2026-04-25,175,6,3.93,0,2026-04-25T22:53:00Z
404,11,2026-04-26,139,5,2.3,0,2026-04-26T09:45:00Z
405,11,2026-04-27,171,7,3.69,0,2026-04-27T08:05:00Z
406,11,2026-04-28,96,4,1.98,1,2026-04-28T04:47:00Z
407,11,2026-04-29,109,4,1.87,0,2026-04-29T07:25:00Z
408,12,2026-03-27,182,7,3.29,0,2026-03-27T17:38:00Z
409,12,2026-03-28,76,3,2.06,0,2026-03-28T14:30:00Z
410,12,2026-03-29,189,7,3.57,0,2026-03-29T12:10:00Z
411,12,2026-03-30,241,8,3.89,0,2026-03-30T13:12:00Z
412,12,2026-03-31,136,4,1.91,0,2026-03-31T11:38:00Z
413,12,2026-04-01,122,4,2.29,0,2026-04-01T07:18:00Z
414,12,2026-04-02,203,6,2.99,0,2026-04-02T06:38:00Z
415,12,2026-04-03,147,6,2.67,0,2026-04-03T06:35:00Z
416,12,2026-04-04,146,6,3.08,0,2026-04-04T07:17:00Z
417,12,2026-04-05,195,7,3.13,1,2026-04-05T01:36:00Z
418,12,2026-04-06,173,6,3.49,0,2026-04-06T01:20:00Z
419,12,2026-04-07,155,5,2.59,0,2026-04-07T11:48:00Z
420,12,2026-04-08,208,7,3.8,1,2026-04-08T06:20:00Z
421,12,2026-04-09,105,4,2.4,0,2026-04-09T04:44:00Z
422,12,2026-04-10,153,5,3.06,0,2026-04-10T23:32:00Z
423,12,2026-04-11,153,6,2.7,0,2026-04-11T04:01:00Z
424,12,2026-04-12,150,5,3.02,0,2026-04-12T18:55:00Z
425,12,2026-04-13,94,3,1.85,0,2026-04-13T04:43:00Z
426,12,2026-04-14,173,7,3.92,0,2026-04-14T02:45:00Z
427,12,2026-04-15,129,4,1.94,0,2026-04-15T21:41:00Z
428,12,2026-04-16,184,7,3.46,0,2026-04-16T16:33:00Z
429,12,2026-04-17,137,5,3.15,0,2026-04-17T16:59:00Z
430,12,2026-04-18,117,4,2.32,0,2026-04-18T04:21:00Z
431,12,2026-04-19,109,4,1.9,0,2026-04-19T13:02:00Z
432,12,2026-04-20,103,4,2.27,0,2026-04-20T12:15:00Z
433,12,2026-04-21,164,6,2.98,0,2026-04-21T02:09:00Z
434,12,2026-04-22,95,4,2.08,0,2026-04-22T03:51:00Z
435,12,2026-04-23,155,6,2.65,0,2026-04-23T09:35:00Z
436,12,2026-04-24,128,5,3.3,0,2026-04-24T02:31:00Z
437,12,2026-04-25,185,6,2.79,0,2026-04-25T09:10:00Z
438,12,2026-04-26,111,4,1.79,0,2026-04-26T11:05:00Z
439,12,2026-04-27,132,5,2.38,0,2026-04-27T14:16:00Z
440,12,2026-04-28,96,4,2.36,0,2026-04-28T14:41:00Z
441,12,2026-04-29,146,6,3.69,0,2026-04-29T18:31:00Z
442,12,2026-04-30,100,4,1.88,0,2026-04-30T12:26:00Z
443,12,2026-05-01,98,4,2.25,0,2026-05-01T04:28:00Z
444,12,2026-05-02,100,4,2.32,0,2026-05-02T10:23:00Z
445,12,2026-05-03,207,7,3.53,0,2026-05-03T14:16:00Z
446,12,2026-05-04,119,5,3.07,0,2026-05-04T01:39:00Z
447,12,2026-05-05,208,6,3.56,0,2026-05-05T07:44:00Z
448,12,2026-05-06,142,4,2.17,0,2026-05-06T03:18:00Z
449,12,2026-05-07,111,4,1.98,0,2026-05-07T02:14:00Z
450,12,2026-05-08,116,4,2.23,1,2026-05-08T02:22:00Z
451,12,2026-05-09,108,4,2.06,0,2026-05-09T14:06:00Z
452,12,2026-05-10,131,5,2.31,0,2026-05-10T12:49:00Z
453,13,2025-06-30,6133,30,7.95,0,2025-06-30T04:30:00Z
454,13,2025-07-01,6212,33,8.15,0,2025-07-01T18:02:00Z
455,13,2025-07-02,3304,22,7.05,0,2025-07-02T01:59:00Z
456,13,2025-07-03,3734,25,7.71,0,2025-07-03T15:13:00Z
457,13,2025-07-04,4068,28,6.83,0,2025-07-04T21:27:00Z
458,13,2025-07-05,5217,33,8.62,0,2025-07-05T02:09:00Z
459,13,2025-07-06,5717,33,7.94,0,2025-07-06T09:55:00Z
460,13,2025-07-07,4353,30,9.01,1,2025-07-07T16:13:00Z
461,13,2025-07-08,6823,37,10.96,0,2025-07-08T01:05:00Z
462,13,2025-07-09,5490,32,9.93,0,2025-07-09T09:10:00Z
463,13,2025-07-10,5099,36,9.05,0,2025-07-10T15:30:00Z
464,13,2025-07-11,2694,18,5.19,0,2025-07-11T22:27:00Z
465,13,2025-07-12,3713,24,6.55,0,2025-07-12T12:52:00Z
466,13,2025-07-13,5989,40,9.52,0,2025-07-13T19:12:00Z
467,13,2025-07-14,6872,44,10.77,0,2025-07-14T19:09:00Z
468,13,2025-07-15,4744,34,8.94,0,2025-07-15T23:47:00Z
469,13,2025-07-16,2592,17,5.15,0,2025-07-16T00:09:00Z
470,13,2025-07-17,4545,32,10.13,0,2025-07-17T15:55:00Z
471,13,2025-07-18,5969,40,10.51,0,2025-07-18T21:26:00Z
472,13,2025-07-19,5204,34,8.87,0,2025-07-19T14:53:00Z
473,13,2025-07-20,5220,33,10.12,0,2025-07-20T20:37:00Z
474,13,2025-07-21,4695,25,6.19,1,2025-07-21T06:26:00Z
475,13,2025-07-22,4355,29,8.48,0,2025-07-22T19:24:00Z
476,13,2025-07-23,5845,31,7.97,0,2025-07-23T06:43:00Z
477,13,2025-07-24,4964,24,6.87,0,2025-07-24T11:01:00Z
478,13,2025-07-25,7947,44,11.68,0,2025-07-25T03:44:00Z
479,13,2025-07-26,3890,28,7.93,0,2025-07-26T13:26:00Z
480,13,2025-07-27,5746,39,10.46,0,2025-07-27T13:33:00Z
481,13,2025-07-28,6422,36,11.49,0,2025-07-28T05:29:00Z
482,13,2025-07-29,5742,30,8.16,0,2025-07-29T19:10:00Z
483,13,2025-07-30,4724,27,7.74,1,2025-07-30T21:44:00Z
484,13,2025-07-31,3796,24,7.16,0,2025-07-31T22:39:00Z
485,13,2025-08-01,2581,18,5.71,0,2025-08-01T03:05:00Z
486,13,2025-08-02,3961,20,6.09,0,2025-08-02T20:01:00Z
487,14,2025-06-27,5702,33,9.44,0,2025-06-27T15:47:00Z
488,14,2025-06-28,3701,26,7.69,0,2025-06-28T03:40:00Z
489,14,2025-06-29,5973,37,10.1,0,2025-06-29T01:42:00Z
490,14,2025-06-30,3443,20,5.26,0,2025-06-30T07:49:00Z
491,14,2025-07-01,3500,20,5.6,0,2025-07-01T06:54:00Z
492,14,2025-07-02,4707,24,6.7,0,2025-07-02T14:26:00Z
493,14,2025-07-03,2836,18,5.79,0,2025-07-03T23:25:00Z
494,14,2025-07-04,7545,43,10.18,0,2025-07-04T07:32:00Z
495,14,2025-07-05,5933,41,10.8,0,2025-07-05T08:19:00Z
496,14,2025-07-06,5068,34,10.53,0,2025-07-06T13:43:00Z
497,14,2025-07-07,2730,19,5.02,0,2025-07-07T13:02:00Z
498,14,2025-07-08,8707,45,10.83,0,2025-07-08T11:53:00Z
499,14,2025-07-09,3842,26,8.1,0,2025-07-09T19:20:00Z
500,14,2025-07-10,2816,20,5.38,0,2025-07-10T13:15:00Z
501,14,2025-07-11,5227,30,8.48,0,2025-07-11T19:41:00Z
502,14,2025-07-12,6905,34,9.18,0,2025-07-12T18:27:00Z
503,14,2025-07-13,5374,34,8.35,0,2025-07-13T23:11:00Z
504,14,2025-07-14,5213,29,7.97,0,2025-07-14T05:27:00Z
505,14,2025-07-15,3229,21,5.36,0,2025-07-15T04:32:00Z
506,14,2025-07-16,4366,27,6.8,0,2025-07-16T12:53:00Z
507,14,2025-07-17,2857,20,5.89,0,2025-07-17T17:10:00Z
508,14,2025-07-18,4160,22,6.94,0,2025-07-18T02:01:00Z
509,14,2025-07-19,6340,40,10.9,0,2025-07-19T18:09:00Z
510,14,2025-07-20,5232,34,8.26,0,2025-07-20T02:36:00Z
511,14,2025-07-21,2887,19,5.21,0,2025-07-21T04:29:00Z
512,14,2025-07-22,4800,32,9.23,0,2025-07-22T05:15:00Z
513,14,2025-07-23,6564,35,10.36,0,2025-07-23T06:34:00Z
514,14,2025-07-24,4891,32,9.76,0,2025-07-24T12:49:00Z
515,14,2025-07-25,5483,27,7.09,0,2025-07-25T02:59:00Z
516,14,2025-07-26,4119,20,5.11,0,2025-07-26T18:55:00Z
517,14,2025-07-27,5253,31,7.74,0,2025-07-27T19:07:00Z
518,14,2025-07-28,4746,26,6.52,0,2025-07-28T05:05:00Z
519,14,2025-07-29,6445,44,10.64,0,2025-07-29T06:25:00Z
520,14,2025-07-30,3428,23,5.77,1,2025-07-30T13:04:00Z
521,15,2025-07-04,4761,30,8.42,1,2025-07-04T06:43:00Z
522,15,2025-07-05,3605,25,6.84,0,2025-07-05T20:58:00Z
523,15,2025-07-06,7327,38,10.6,0,2025-07-06T09:00:00Z
524,15,2025-07-07,5796,37,11.57,0,2025-07-07T20:38:00Z
525,15,2025-07-08,4133,21,6.64,0,2025-07-08T10:22:00Z
526,15,2025-07-09,4941,31,8.7,0,2025-07-09T17:00:00Z
527,15,2025-07-10,4559,30,7.58,0,2025-07-10T03:12:00Z
528,15,2025-07-11,6408,39,11.18,0,2025-07-11T16:32:00Z
529,15,2025-07-12,5264,28,8.41,0,2025-07-12T11:07:00Z
530,15,2025-07-13,7186,35,10.89,0,2025-07-13T04:14:00Z
531,15,2025-07-14,6811,44,10.79,0,2025-07-14T04:17:00Z
532,15,2025-07-15,4926,26,6.86,0,2025-07-15T02:22:00Z
533,15,2025-07-16,5499,35,10.3,0,2025-07-16T14:47:00Z
534,15,2025-07-17,4276,25,7.79,0,2025-07-17T12:59:00Z
535,15,2025-07-18,8437,44,11.26,0,2025-07-18T21:54:00Z
536,15,2025-07-19,4932,27,8.41,0,2025-07-19T12:06:00Z
537,15,2025-07-20,5573,37,10.5,0,2025-07-20T09:10:00Z
538,15,2025-07-21,3244,23,6.91,0,2025-07-21T15:27:00Z
539,15,2025-07-22,3782,22,7.01,0,2025-07-22T23:17:00Z
540,15,2025-07-23,4607,29,8.94,0,2025-07-23T19:24:00Z
541,15,2025-07-24,6979,43,11.69,0,2025-07-24T11:57:00Z
542,15,2025-07-25,5652,28,8.29,0,2025-07-25T05:56:00Z
543,15,2025-07-26,4148,25,6.01,2,2025-07-26T18:26:00Z
544,15,2025-07-27,4864,33,8.62,0,2025-07-27T20:33:00Z
545,15,2025-07-28,5542,27,7.32,0,2025-07-28T05:51:00Z
546,15,2025-07-29,4927,33,8.7,0,2025-07-29T11:15:00Z
547,15,2025-07-30,5489,35,8.65,0,2025-07-30T11:09:00Z
548,15,2025-07-31,5301,27,8.06,0,2025-07-31T10:44:00Z
549,15,2025-08-01,5367,30,7.17,0,2025-08-01T14:36:00Z
550,15,2025-08-02,3019,21,6.28,0,2025-08-02T17:04:00Z
551,15,2025-08-03,5765,36,9.68,0,2025-08-03T16:13:00Z
552,15,2025-08-04,6585,36,8.84,0,2025-08-04T19:56:00Z
553,15,2025-08-05,3431,22,6.58,0,2025-08-05T18:57:00Z
554,15,2025-08-06,5437,35,10.2,0,2025-08-06T13:20:00Z
555,16,2025-07-05,6066,32,9.73,0,2025-07-05T01:51:00Z
556,16,2025-07-06,7532,37,10.44,0,2025-07-06T08:26:00Z
557,16,2025-07-07,5266,31,7.6,0,2025-07-07T19:20:00Z
558,16,2025-07-08,6148,33,9.45,0,2025-07-08T00:18:00Z
559,16,2025-07-09,6587,44,10.5,0,2025-07-09T18:00:00Z
560,16,2025-07-10,6749,37,11.57,0,2025-07-10T12:02:00Z
561,16,2025-07-11,3855,27,8.33,0,2025-07-11T01:21:00Z
562,16,2025-07-12,3624,18,5.26,0,2025-07-12T03:53:00Z
563,16,2025-07-13,4131,27,8.37,1,2025-07-13T08:20:00Z
564,16,2025-07-14,5208,30,8.96,0,2025-07-14T17:49:00Z
565,16,2025-07-15,6540,41,10.83,0,2025-07-15T12:19:00Z
566,16,2025-07-16,6281,37,10.86,0,2025-07-16T20:58:00Z
567,16,2025-07-17,5617,32,7.96,0,2025-07-17T19:06:00Z
568,16,2025-07-18,7121,35,8.53,1,2025-07-18T00:08:00Z
569,16,2025-07-19,5919,33,8.07,0,2025-07-19T22:46:00Z
570,16,2025-07-20,6912,36,9.84,0,2025-07-20T06:46:00Z
571,16,2025-07-21,4397,25,7.76,0,2025-07-21T17:00:00Z
572,16,2025-07-22,4358,30,9.39,0,2025-07-22T08:56:00Z
573,16,2025-07-23,3948,20,6.05,0,2025-07-23T09:04:00Z
574,16,2025-07-24,4805,31,8.15,1,2025-07-24T12:17:00Z
575,16,2025-07-25,5556,39,11.49,0,2025-07-25T18:29:00Z
576,16,2025-07-26,5210,29,7.28,0,2025-07-26T04:48:00Z
577,16,2025-07-27,4970,34,9.65,0,2025-07-27T13:40:00Z
578,16,2025-07-28,6675,34,9.36,0,2025-07-28T16:15:00Z
579,16,2025-07-29,5793,37,10.71,0,2025-07-29T08:20:00Z
580,16,2025-07-30,5874,35,10.71,0,2025-07-30T02:16:00Z
581,16,2025-07-31,5532,36,10.76,0,2025-07-31T11:35:00Z
582,16,2025-08-01,4645,25,7.56,0,2025-08-01T20:47:00Z
583,16,2025-08-02,3556,23,7.13,0,2025-08-02T02:31:00Z
584,16,2025-08-03,8279,40,9.82,0,2025-08-03T06:29:00Z
585,16,2025-08-04,6285,33,10.09,0,2025-08-04T03:21:00Z
586,16,2025-08-05,6755,42,10.85,0,2025-08-05T16:32:00Z
587,16,2025-08-06,2566,17,5.25,0,2025-08-06T09:45:00Z
588,16,2025-08-07,3869,20,5.47,1,2025-08-07T16:06:00Z
589,16,2025-08-08,5446,29,9.23,0,2025-08-08T11:24:00Z
590,16,2025-08-09,5085,35,11.17,0,2025-08-09T16:12:00Z
591,16,2025-08-10,7237,38,11.68,0,2025-08-10T08:27:00Z
592,16,2025-08-11,7224,40,10.01,0,2025-08-11T18:41:00Z
593,16,2025-08-12,5418,32,7.92,1,2025-08-12T03:47:00Z
594,16,2025-08-13,4752,23,5.66,0,2025-08-13T14:11:00Z
