id,order_id,amount,currency,status,created_at,_fivetran_synced
pi_000001,1,88.15,eur,succeeded,2025-06-12,2025-06-12T23:24:00Z
pi_000002,2,208.21,cad,succeeded,2025-05-10,2025-05-10T06:25:00Z
pi_000003,3,111.13,eur,succeeded,2025-11-19,2025-11-19T05:52:00Z
pi_000004,4,266.14,eur,succeeded,2026-04-08,2026-04-08T00:23:00Z
pi_000005,5,134.96,gbp,succeeded,2025-06-17,2025-06-17T17:07:00Z
pi_000006,6,128.78,eur,succeeded,2025-12-10,2025-12-10T04:18:00Z
pi_000007,7,724.92,cad,succeeded,2026-04-22,2026-04-22T11:02:00Z
pi_000008,9,23.55,eur,succeeded,2025-05-21,2025-05-21T05:14:00Z
pi_000009,10,215.8,eur,succeeded,2026-01-30,2026-01-30T08:46:00Z
pi_000010,11,347.98,eur,succeeded,2025-07-04,2025-07-04T05:21:00Z
pi_000011,12,38.84,aud,succeeded,2025-06-22,2025-06-22T17:15:00Z
pi_000012,13,165.85,eur,succeeded,2025-11-12,2025-11-12T08:58:00Z
pi_000013,14,310.55,aud,succeeded,2025-08-11,2025-08-11T03:01:00Z
pi_000014,15,189.89,eur,succeeded,2026-05-05,2026-05-05T21:08:00Z
pi_000015,16,52.64,eur,succeeded,2026-06-05,2026-06-05T12:41:00Z
pi_000016,19,367.94,eur,succeeded,2025-05-31,2025-05-31T03:21:00Z
pi_000017,20,307.77,usd,succeeded,2025-08-03,2025-08-03T06:19:00Z
pi_000018,21,331.62,eur,succeeded,2025-10-23,2025-10-23T14:15:00Z
pi_000019,22,129.96,eur,succeeded,2026-01-23,2026-01-23T11:51:00Z
pi_000020,23,104.39,eur,succeeded,2026-02-28,2026-02-28T11:42:00Z
pi_000021,24,17.71,eur,succeeded,2025-10-28,2025-10-28T05:33:00Z
pi_000022,25,104.55,eur,succeeded,2026-05-29,2026-05-29T19:56:00Z
pi_000023,26,137.59,cad,succeeded,2026-06-16,2026-06-16T04:56:00Z
pi_000024,27,22.62,usd,succeeded,2025-06-30,2025-06-30T12:44:00Z
pi_000025,28,308.7,eur,succeeded,2026-01-22,2026-01-22T11:20:00Z
pi_000026,30,383.92,cad,succeeded,2026-05-12,2026-05-12T19:27:00Z
pi_000027,31,111.72,eur,succeeded,2025-11-06,2025-11-06T20:15:00Z
pi_000028,32,247.11,eur,succeeded,2026-01-11,2026-01-11T01:48:00Z
pi_000029,33,17.55,eur,succeeded,2026-03-09,2026-03-09T17:18:00Z
pi_000030,34,69.99,gbp,succeeded,2026-03-27,2026-03-27T04:20:00Z
pi_000031,35,213.51,cad,succeeded,2025-12-28,2025-12-28T07:03:00Z
pi_000032,36,119.98,gbp,succeeded,2025-04-29,2025-04-29T20:50:00Z
pi_000033,37,37.5,usd,succeeded,2026-03-30,2026-03-30T08:55:00Z
pi_000034,38,50.27,eur,succeeded,2026-03-26,2026-03-26T15:13:00Z
pi_000035,39,34.61,eur,succeeded,2025-05-12,2025-05-12T23:05:00Z
pi_000036,40,58.76,eur,succeeded,2025-07-06,2025-07-06T15:50:00Z
pi_000037,41,212.74,eur,succeeded,2025-09-15,2025-09-15T21:39:00Z
pi_000038,42,317.39,eur,succeeded,2026-05-10,2026-05-10T02:10:00Z
pi_000039,43,189.2,eur,succeeded,2026-03-29,2026-03-29T16:24:00Z
pi_000040,44,389.63,cad,succeeded,2025-09-11,2025-09-11T20:48:00Z
pi_000041,45,75.7,usd,succeeded,2026-04-10,2026-04-10T16:23:00Z
pi_000042,47,68.69,cad,succeeded,2025-10-30,2025-10-30T15:33:00Z
pi_000043,48,64.13,eur,succeeded,2026-01-28,2026-01-28T14:11:00Z
pi_000044,49,20.71,eur,succeeded,2026-06-02,2026-06-02T22:30:00Z
pi_000045,50,217.97,usd,succeeded,2025-06-01,2025-06-01T22:31:00Z
pi_000046,51,126.75,eur,succeeded,2026-01-20,2026-01-20T20:58:00Z
pi_000047,52,353.59,eur,succeeded,2025-05-19,2025-05-19T18:41:00Z
pi_000048,53,38.44,usd,succeeded,2025-12-22,2025-12-22T01:13:00Z
pi_000049,54,127.72,eur,succeeded,2026-01-12,2026-01-12T07:57:00Z
pi_000050,55,273.17,eur,succeeded,2025-10-03,2025-10-03T06:28:00Z
pi_000051,56,172.1,usd,succeeded,2025-09-05,2025-09-05T07:25:00Z
pi_000052,57,213.1,eur,succeeded,2025-11-27,2025-11-27T06:19:00Z
pi_000053,58,252.66,aud,succeeded,2025-08-02,2025-08-02T13:56:00Z
pi_000054,59,46.2,eur,succeeded,2025-07-19,2025-07-19T12:36:00Z
pi_000055,62,46.69,eur,succeeded,2025-08-07,2025-08-07T05:59:00Z
pi_000056,64,82.28,usd,succeeded,2026-04-20,2026-04-20T11:16:00Z
pi_000057,65,102.42,cad,succeeded,2026-04-27,2026-04-27T17:05:00Z
pi_000058,66,109.3,eur,succeeded,2026-05-05,2026-05-05T04:48:00Z
pi_000059,67,194.33,eur,succeeded,2025-06-20,2025-06-20T02:18:00Z
pi_000060,68,205.1,cad,succeeded,2025-07-30,2025-07-30T14:33:00Z
pi_000061,69,25.34,usd,succeeded,2026-01-19,2026-01-19T11:14:00Z
pi_000062,70,144.48,eur,succeeded,2026-05-17,2026-05-17T18:02:00Z
pi_000063,71,53.5,eur,succeeded,2026-05-27,2026-05-27T14:32:00Z
pi_000064,72,197.32,eur,succeeded,2026-03-10,2026-03-10T19:21:00Z
pi_000065,73,145.54,cad,succeeded,2026-02-21,2026-02-21T13:23:00Z
pi_000066,74,76.76,cad,succeeded,2026-03-17,2026-03-17T15:20:00Z
pi_000067,75,24.99,gbp,succeeded,2025-06-22,2025-06-22T14:14:00Z
pi_000068,77,152.26,eur,succeeded,2025-06-11,2025-06-11T08:41:00Z
pi_000069,78,231.65,cad,succeeded,2025-06-02,2025-06-02T02:22:00Z
pi_000070,80,78.14,cad,succeeded,2026-06-05,2026-06-05T17:41:00Z
pi_000071,81,154.15,cad,succeeded,2026-05-21,2026-05-21T02:50:00Z
pi_000072,83,103.79,eur,succeeded,2026-01-06,2026-01-06T08:59:00Z
pi_000073,84,125.35,eur,succeeded,2025-09-08,2025-09-08T07:06:00Z
pi_000074,85,47.06,eur,succeeded,2026-01-11,2026-01-11T03:04:00Z
pi_000075,86,329.33,eur,succeeded,2025-11-06,2025-11-06T11:02:00Z
pi_000076,87,81.58,eur,succeeded,2026-05-11,2026-05-11T17:12:00Z
pi_000077,88,138.4,eur,succeeded,2026-06-21,2026-06-21T10:12:00Z
pi_000078,90,195.56,eur,succeeded,2025-10-07,2025-10-07T21:21:00Z
pi_000079,91,459.66,eur,succeeded,2025-09-08,2025-09-08T08:19:00Z
pi_000080,92,227.92,eur,succeeded,2025-11-21,2025-11-21T23:52:00Z
pi_000081,96,134.22,eur,succeeded,2025-07-12,2025-07-12T21:54:00Z
pi_000082,97,207.82,eur,succeeded,2025-04-21,2025-04-21T08:12:00Z
pi_000083,99,41.54,eur,succeeded,2025-05-26,2025-05-26T22:38:00Z
pi_000084,100,120.74,eur,succeeded,2026-02-14,2026-02-14T04:54:00Z
pi_000085,101,215.67,cad,succeeded,2026-03-11,2026-03-11T08:00:00Z
pi_000086,102,110.62,eur,succeeded,2026-05-23,2026-05-23T09:18:00Z
pi_000087,103,329.25,eur,succeeded,2026-04-30,2026-04-30T11:50:00Z
pi_000088,104,159.91,eur,succeeded,2026-04-01,2026-04-01T12:25:00Z
pi_000089,106,505.33,eur,succeeded,2025-11-11,2025-11-11T18:48:00Z
pi_000090,107,307.99,eur,succeeded,2026-06-07,2026-06-07T20:00:00Z
pi_000091,108,67.87,eur,succeeded,2025-07-26,2025-07-26T15:41:00Z
pi_000092,109,150.77,eur,succeeded,2025-12-20,2025-12-20T16:48:00Z
pi_000093,110,181.7,eur,succeeded,2026-01-13,2026-01-13T04:55:00Z
pi_000094,111,99.95,gbp,succeeded,2026-04-02,2026-04-02T12:14:00Z
pi_000095,112,195.76,cad,succeeded,2026-03-16,2026-03-16T15:14:00Z
pi_000096,113,126.74,eur,succeeded,2026-01-20,2026-01-20T16:37:00Z
pi_000097,114,266.17,eur,succeeded,2025-06-15,2025-06-15T17:48:00Z
pi_000098,115,37.87,usd,succeeded,2026-01-01,2026-01-01T14:46:00Z
pi_000099,116,358.65,cad,succeeded,2026-04-23,2026-04-23T14:21:00Z
pi_000100,118,58.62,eur,succeeded,2026-03-11,2026-03-11T02:20:00Z
pi_000101,119,30.99,cad,succeeded,2025-05-21,2025-05-21T06:27:00Z
pi_000102,120,243.84,eur,succeeded,2025-05-10,2025-05-10T22:26:00Z
pi_000103,121,455.36,usd,succeeded,2025-06-23,2025-06-23T06:28:00Z
pi_000104,122,41.26,eur,succeeded,2025-06-01,2025-06-01T14:54:00Z
pi_000105,123,123.52,usd,succeeded,2025-09-26,2025-09-26T17:01:00Z
pi_000106,124,40.39,eur,succeeded,2026-04-26,2026-04-26T11:08:00Z
pi_000107,125,161.0,eur,succeeded,2026-02-14,2026-02-14T18:55:00Z
pi_000108,126,156.35,eur,succeeded,2026-02-25,2026-02-25T04:19:00Z
pi_000109,127,63.66,eur,succeeded,2025-12-24,2025-12-24T23:00:00Z
pi_000110,128,75.31,eur,succeeded,2026-06-29,2026-06-29T15:51:00Z
pi_000111,129,74.93,eur,succeeded,2025-12-27,2025-12-27T21:53:00Z
pi_000112,130,21.35,eur,succeeded,2025-09-13,2025-09-13T11:21:00Z
pi_000113,131,145.54,eur,succeeded,2026-03-12,2026-03-12T07:26:00Z
pi_000114,134,237.5,eur,succeeded,2025-11-08,2025-11-08T13:43:00Z
pi_000115,135,39.98,gbp,succeeded,2025-07-17,2025-07-17T12:48:00Z
pi_000116,136,58.61,eur,succeeded,2026-03-11,2026-03-11T22:34:00Z
pi_000117,137,92.62,eur,succeeded,2025-11-23,2025-11-23T09:20:00Z
pi_000118,138,77.98,cad,succeeded,2025-07-08,2025-07-08T18:01:00Z
pi_000119,140,214.98,cad,succeeded,2026-05-06,2026-05-06T18:50:00Z
pi_000120,142,94.23,eur,succeeded,2026-04-24,2026-04-24T01:59:00Z
pi_000121,143,136.13,cad,succeeded,2025-04-15,2025-04-15T04:09:00Z
pi_000122,144,98.15,eur,succeeded,2025-09-22,2025-09-22T10:36:00Z
pi_000123,145,139.8,usd,succeeded,2026-06-09,2026-06-09T12:24:00Z
pi_000124,146,112.69,cad,succeeded,2025-09-21,2025-09-21T06:25:00Z
pi_000125,147,157.67,eur,succeeded,2026-01-29,2026-01-29T02:34:00Z
pi_000126,148,338.54,eur,succeeded,2025-04-23,2025-04-23T10:36:00Z
pi_000127,149,245.78,eur,succeeded,2026-01-26,2026-01-26T14:40:00Z
