id,payment_id,amount,reason,created_at,_fivetran_synced
re_000001,pi_000004,266.14,requested_by_customer,2026-04-09,2026-04-09T11:01:00Z
re_000002,pi_000006,128.78,requested_by_customer,2025-12-18,2025-12-18T20:37:00Z
re_000003,pi_000007,724.92,requested_by_customer,2026-04-23,2026-04-23T06:18:00Z
re_000004,pi_000011,38.84,requested_by_customer,2025-06-25,2025-06-25T00:11:00Z
re_000005,pi_000022,104.55,fraudulent,2026-06-05,2026-06-05T02:07:00Z
re_000006,pi_000023,137.59,requested_by_customer,2026-06-19,2026-06-19T06:34:00Z
re_000007,pi_000028,247.11,fraudulent,2026-01-21,2026-01-21T06:54:00Z
re_000008,pi_000033,37.5,fraudulent,2026-04-02,2026-04-02T18:56:00Z
re_000009,pi_000043,64.13,fraudulent,2026-02-03,2026-02-03T11:33:00Z
re_000010,pi_000045,217.97,duplicate,2025-06-09,2025-06-09T18:25:00Z
re_000011,pi_000064,197.32,duplicate,2026-03-17,2026-03-17T14:27:00Z
re_000012,pi_000066,76.76,duplicate,2026-03-22,2026-03-22T00:11:00Z
re_000013,pi_000069,231.65,duplicate,2025-06-04,2025-06-04T16:32:00Z
re_000014,pi_000084,120.74,fraudulent,2026-02-27,2026-02-27T23:34:00Z
re_000015,pi_000094,99.95,fraudulent,2026-04-06,2026-04-06T23:13:00Z
re_000016,pi_000122,98.15,fraudulent,2025-10-03,2025-10-03T19:36:00Z
re_000017,pi_000125,157.67,requested_by_customer,2026-02-05,2026-02-05T15:06:00Z
