id,session_date,source,medium,campaign,device_category,pageviews,session_duration_seconds,_fivetran_synced
1,2025-04-22,google,cpc,google-brand-search-1,mobile,1,218,2025-04-22T00:32:00Z
2,2026-02-17,google,cpc,google-brand-search-2,tablet,1,540,2026-02-17T20:57:00Z
3,2026-06-18,google,cpc,google-brand-search-3,desktop,8,173,2026-06-18T12:09:00Z
4,2025-12-27,google,cpc,google-brand-search-4,desktop,10,434,2025-12-27T17:11:00Z
5,2026-02-28,google,cpc,google-brand-search-5,mobile,5,872,2026-02-28T16:20:00Z
6,2026-04-21,google,cpc,google-brand-search-6,desktop,11,881,2026-04-21T00:29:00Z
7,2025-06-15,google,cpc,google-brand-search-7,tablet,9,685,2025-06-15T18:21:00Z
8,2026-01-15,google,cpc,google-brand-search-8,desktop,11,672,2026-01-15T14:40:00Z
9,2025-08-20,google,cpc,google-brand-search-9,desktop,2,439,2025-08-20T17:00:00Z
10,2025-11-03,google,cpc,google-brand-search-10,tablet,11,125,2025-11-03T23:38:00Z
11,2026-06-27,google,cpc,google-brand-search-11,mobile,2,185,2026-06-27T15:25:00Z
12,2025-10-18,google,cpc,google-brand-search-12,desktop,1,580,2025-10-18T01:33:00Z
13,2025-06-08,google,cpc,google-brand-search-13,desktop,4,649,2025-06-08T03:29:00Z
14,2025-04-30,google,cpc,google-brand-search-14,tablet,3,441,2025-04-30T06:43:00Z
15,2026-06-26,google,cpc,google-brand-search-15,mobile,5,285,2026-06-26T06:20:00Z
16,2026-05-17,google,cpc,google-brand-search-16,tablet,7,655,2026-05-17T20:11:00Z
17,2026-02-23,google,cpc,google-brand-search-17,mobile,6,544,2026-02-23T21:52:00Z
18,2026-06-23,google,cpc,google-brand-search-18,mobile,1,93,2026-06-23T05:00:00Z
19,2026-04-12,google,cpc,google-brand-search-19,tablet,5,839,2026-04-12T21:59:00Z
20,2026-03-03,google,cpc,google-brand-search-20,desktop,5,176,2026-03-03T21:56:00Z
21,2025-10-09,google,cpc,google-brand-search-21,desktop,7,620,2025-10-09T00:37:00Z
22,2025-05-17,google,cpc,google-brand-search-22,desktop,4,479,2025-05-17T11:15:00Z
23,2025-04-05,google,cpc,google-brand-search-23,desktop,9,282,2025-04-05T18:28:00Z
24,2025-10-25,google,cpc,google-brand-search-24,tablet,1,265,2025-10-25T19:24:00Z
25,2026-02-27,google,cpc,google-brand-search-25,mobile,1,145,2026-02-27T09:15:00Z
26,2025-10-10,google,cpc,google-brand-search-26,mobile,3,874,2025-10-10T22:19:00Z
27,2025-04-22,google,cpc,google-brand-search-27,mobile,6,237,2025-04-22T22:48:00Z
28,2025-11-04,google,cpc,google-brand-search-28,mobile,9,781,2025-11-04T02:44:00Z
29,2025-12-29,google,cpc,google-brand-search-29,mobile,6,807,2025-12-29T08:43:00Z
30,2025-04-09,google,cpc,google-brand-search-30,desktop,7,856,2025-04-09T22:17:00Z
31,2026-06-05,google,cpc,google-brand-search-31,tablet,9,160,2026-06-05T03:22:00Z
32,2026-06-22,google,cpc,google-brand-search-32,tablet,10,472,2026-06-22T15:15:00Z
33,2025-12-22,google,cpc,google-brand-search-33,mobile,5,739,2025-12-22T12:26:00Z
34,2025-06-17,google,cpc,google-brand-search-34,desktop,3,246,2025-06-17T13:02:00Z
35,2025-10-24,google,cpc,google-non-brand-generic-35,mobile,10,804,2025-10-24T19:33:00Z
36,2025-10-26,google,cpc,google-non-brand-generic-36,mobile,10,85,2025-10-26T04:23:00Z
37,2026-01-23,google,cpc,google-non-brand-generic-37,mobile,10,846,2026-01-23T15:58:00Z
38,2026-06-12,google,cpc,google-non-brand-generic-38,tablet,3,148,2026-06-12T23:03:00Z
39,2025-08-10,google,cpc,google-non-brand-generic-39,desktop,10,547,2025-08-10T12:11:00Z
40,2025-06-24,google,cpc,google-non-brand-generic-40,mobile,10,644,2025-06-24T04:00:00Z
41,2025-10-14,google,cpc,google-non-brand-generic-41,mobile,7,84,2025-10-14T14:59:00Z
42,2026-01-17,google,cpc,google-non-brand-generic-42,tablet,7,191,2026-01-17T06:57:00Z
43,2025-09-24,google,cpc,google-non-brand-generic-43,mobile,10,614,2025-09-24T19:42:00Z
44,2026-05-26,google,cpc,google-non-brand-generic-44,desktop,10,764,2026-05-26T19:50:00Z
45,2026-04-11,google,cpc,google-non-brand-generic-45,tablet,4,230,2026-04-11T10:48:00Z
46,2026-01-09,google,cpc,google-non-brand-generic-46,tablet,8,895,2026-01-09T12:35:00Z
47,2025-12-20,google,cpc,google-non-brand-generic-47,mobile,12,517,2025-12-20T14:39:00Z
48,2025-07-05,google,cpc,google-non-brand-generic-48,mobile,7,22,2025-07-05T09:07:00Z
49,2025-08-05,google,cpc,google-non-brand-generic-49,mobile,9,186,2025-08-05T01:33:00Z
50,2026-06-18,google,cpc,google-non-brand-generic-50,mobile,10,842,2026-06-18T07:06:00Z
51,2025-09-15,google,cpc,google-non-brand-generic-51,desktop,10,550,2025-09-15T23:12:00Z
52,2026-04-27,google,cpc,google-non-brand-generic-52,tablet,2,168,2026-04-27T04:25:00Z
53,2025-04-06,google,cpc,google-non-brand-generic-53,desktop,1,78,2025-04-06T09:19:00Z
54,2025-04-26,google,cpc,google-non-brand-generic-54,tablet,11,725,2025-04-26T14:59:00Z
55,2025-10-22,google,cpc,google-non-brand-generic-55,desktop,10,751,2025-10-22T23:04:00Z
56,2026-05-11,google,cpc,google-non-brand-generic-56,mobile,12,677,2026-05-11T21:14:00Z
57,2026-06-11,google,cpc,google-non-brand-generic-57,desktop,5,758,2026-06-11T18:04:00Z
58,2025-07-21,google,cpc,google-non-brand-generic-58,mobile,2,27,2025-07-21T06:33:00Z
59,2026-05-21,google,cpc,google-non-brand-generic-59,tablet,8,339,2026-05-21T04:57:00Z
60,2026-02-20,google,cpc,google-non-brand-generic-60,tablet,8,145,2026-02-20T01:37:00Z
61,2026-02-08,google,cpc,google-non-brand-generic-61,tablet,7,669,2026-02-08T10:53:00Z
62,2026-03-10,google,cpc,google-non-brand-generic-62,mobile,5,173,2026-03-10T23:50:00Z
63,2026-03-08,google,cpc,google-non-brand-generic-63,tablet,3,313,2026-03-08T00:21:00Z
64,2026-02-12,google,cpc,google-non-brand-generic-64,tablet,11,164,2026-02-12T01:33:00Z
65,2025-07-03,google,cpc,google-non-brand-generic-65,desktop,6,861,2025-07-03T07:01:00Z
66,2026-01-17,google,cpc,google-non-brand-generic-66,mobile,7,448,2026-01-17T19:51:00Z
67,2025-05-23,google,cpc,google-non-brand-generic-67,tablet,5,582,2025-05-23T19:25:00Z
68,2025-06-04,google,cpc,google-non-brand-generic-68,tablet,9,846,2025-06-04T01:41:00Z
69,2026-06-13,google,cpc,google-non-brand-generic-69,mobile,7,556,2026-06-13T04:56:00Z
70,2025-04-03,google,cpc,google-non-brand-generic-70,desktop,8,684,2025-04-03T11:15:00Z
71,2026-02-16,google,cpc,google-non-brand-generic-71,desktop,8,640,2026-02-16T13:26:00Z
72,2025-12-26,google,cpc,google-shopping-feed-72,mobile,10,351,2025-12-26T15:09:00Z
73,2026-04-23,google,cpc,google-shopping-feed-73,tablet,12,667,2026-04-23T09:54:00Z
74,2026-06-08,google,cpc,google-shopping-feed-74,desktop,5,263,2026-06-08T09:31:00Z
75,2025-08-10,google,cpc,google-shopping-feed-75,desktop,12,177,2025-08-10T10:14:00Z
76,2025-05-08,google,cpc,google-shopping-feed-76,tablet,4,503,2025-05-08T21:39:00Z
77,2025-09-09,google,cpc,google-shopping-feed-77,mobile,2,23,2025-09-09T01:31:00Z
78,2025-12-07,google,cpc,google-shopping-feed-78,mobile,4,667,2025-12-07T05:04:00Z
79,2025-12-11,google,cpc,google-shopping-feed-79,mobile,1,241,2025-12-11T13:05:00Z
80,2026-04-23,google,cpc,google-shopping-feed-80,tablet,11,193,2026-04-23T01:09:00Z
81,2026-03-22,google,cpc,google-shopping-feed-81,mobile,10,772,2026-03-22T18:38:00Z
82,2026-04-05,google,cpc,google-shopping-feed-82,desktop,10,213,2026-04-05T16:30:00Z
83,2025-07-09,google,cpc,google-shopping-feed-83,desktop,8,51,2025-07-09T06:19:00Z
84,2026-04-10,google,cpc,google-shopping-feed-84,desktop,5,882,2026-04-10T09:17:00Z
85,2026-06-08,google,cpc,google-shopping-feed-85,mobile,5,573,2026-06-08T19:00:00Z
86,2026-05-05,google,cpc,google-shopping-feed-86,mobile,8,451,2026-05-05T00:28:00Z
87,2026-04-19,google,cpc,google-shopping-feed-87,tablet,7,896,2026-04-19T04:49:00Z
88,2025-07-25,google,cpc,google-shopping-feed-88,mobile,2,15,2025-07-25T22:53:00Z
89,2025-11-27,google,cpc,google-shopping-feed-89,mobile,6,88,2025-11-27T19:04:00Z
90,2026-05-08,google,cpc,google-shopping-feed-90,mobile,11,44,2026-05-08T22:35:00Z
91,2026-06-11,google,cpc,google-shopping-feed-91,mobile,2,504,2026-06-11T22:15:00Z
92,2026-03-03,google,cpc,google-shopping-feed-92,desktop,9,617,2026-03-03T11:05:00Z
93,2025-08-16,google,cpc,google-shopping-feed-93,mobile,7,207,2025-08-16T08:02:00Z
94,2026-02-04,google,cpc,google-shopping-feed-94,desktop,9,823,2026-02-04T11:32:00Z
95,2025-04-01,google,cpc,google-shopping-feed-95,mobile,6,567,2025-04-01T23:05:00Z
96,2026-04-09,google,cpc,google-shopping-feed-96,tablet,2,338,2026-04-09T14:16:00Z
97,2025-08-17,google,cpc,google-shopping-feed-97,tablet,10,411,2025-08-17T21:23:00Z
98,2025-08-06,google,cpc,google-shopping-feed-98,tablet,11,129,2025-08-06T12:03:00Z
99,2026-02-26,google,cpc,google-shopping-feed-99,mobile,8,12,2026-02-26T01:18:00Z
100,2026-01-26,bing,cpc,bing-non-brand-search-100,desktop,1,744,2026-01-26T09:20:00Z
101,2025-09-07,bing,cpc,bing-non-brand-search-101,desktop,9,292,2025-09-07T00:48:00Z
102,2025-08-06,bing,cpc,bing-non-brand-search-102,tablet,12,569,2025-08-06T04:11:00Z
103,2025-05-12,bing,cpc,bing-non-brand-search-103,tablet,1,707,2025-05-12T06:37:00Z
104,2025-10-13,bing,cpc,bing-non-brand-search-104,mobile,3,795,2025-10-13T23:46:00Z
105,2025-04-21,bing,cpc,bing-non-brand-search-105,desktop,9,390,2025-04-21T17:35:00Z
106,2025-10-22,bing,cpc,bing-non-brand-search-106,tablet,5,653,2025-10-22T22:47:00Z
107,2025-04-11,bing,cpc,bing-non-brand-search-107,tablet,8,556,2025-04-11T17:00:00Z
108,2025-06-17,bing,cpc,bing-non-brand-search-108,mobile,6,171,2025-06-17T19:44:00Z
109,2025-09-21,bing,cpc,bing-non-brand-search-109,desktop,7,299,2025-09-21T22:27:00Z
110,2026-03-30,bing,cpc,bing-non-brand-search-110,tablet,4,897,2026-03-30T06:46:00Z
111,2025-07-31,bing,cpc,bing-non-brand-search-111,mobile,12,437,2025-07-31T04:12:00Z
112,2025-04-29,bing,cpc,bing-non-brand-search-112,desktop,10,489,2025-04-29T09:16:00Z
113,2026-06-10,bing,cpc,bing-non-brand-search-113,desktop,9,529,2026-06-10T01:48:00Z
114,2026-04-29,bing,cpc,bing-non-brand-search-114,mobile,8,53,2026-04-29T16:46:00Z
115,2026-02-04,bing,cpc,bing-non-brand-search-115,tablet,8,53,2026-02-04T19:10:00Z
116,2025-04-22,bing,cpc,bing-non-brand-search-116,tablet,12,130,2025-04-22T19:44:00Z
117,2026-02-09,bing,cpc,bing-non-brand-search-117,desktop,9,869,2026-02-09T23:52:00Z
118,2026-03-21,bing,cpc,bing-non-brand-search-118,tablet,5,896,2026-03-21T07:05:00Z
119,2025-05-18,bing,cpc,bing-non-brand-search-119,desktop,11,886,2025-05-18T04:51:00Z
120,2025-10-17,bing,cpc,bing-non-brand-search-120,mobile,2,108,2025-10-17T10:34:00Z
121,2025-08-20,bing,cpc,bing-non-brand-search-121,tablet,6,584,2025-08-20T01:21:00Z
122,2025-06-23,bing,cpc,bing-non-brand-search-122,mobile,4,200,2025-06-23T21:07:00Z
123,2025-05-28,bing,cpc,bing-non-brand-search-123,tablet,11,422,2025-05-28T01:18:00Z
124,2025-11-19,bing,cpc,bing-non-brand-search-124,tablet,11,172,2025-11-19T04:01:00Z
125,2025-07-25,google,organic,google-organic-search-125,tablet,8,704,2025-07-25T00:30:00Z
126,2025-12-01,google,organic,google-organic-search-126,mobile,6,738,2025-12-01T08:18:00Z
127,2025-12-02,google,organic,google-organic-search-127,tablet,12,818,2025-12-02T01:55:00Z
128,2025-12-29,google,organic,google-organic-search-128,tablet,11,801,2025-12-29T04:58:00Z
129,2026-02-22,google,organic,google-organic-search-129,desktop,2,464,2026-02-22T02:18:00Z
130,2025-10-17,google,organic,google-organic-search-130,tablet,2,852,2025-10-17T19:36:00Z
131,2025-09-21,google,organic,google-organic-search-131,tablet,4,600,2025-09-21T08:26:00Z
132,2026-06-23,google,organic,google-organic-search-132,mobile,7,427,2026-06-23T04:55:00Z
133,2025-10-26,google,organic,google-organic-search-133,desktop,4,344,2025-10-26T22:48:00Z
134,2026-01-21,google,organic,google-organic-search-134,mobile,1,382,2026-01-21T07:00:00Z
135,2025-06-10,google,organic,google-organic-search-135,tablet,7,85,2025-06-10T23:34:00Z
136,2025-09-02,google,organic,google-organic-search-136,desktop,3,392,2025-09-02T15:52:00Z
137,2026-01-10,google,organic,google-organic-search-137,mobile,1,231,2026-01-10T12:33:00Z
138,2025-10-23,google,organic,google-organic-search-138,desktop,6,842,2025-10-23T01:25:00Z
139,2025-07-31,google,organic,google-organic-search-139,desktop,7,415,2025-07-31T07:27:00Z
140,2026-05-30,google,organic,google-organic-search-140,desktop,6,55,2026-05-30T04:46:00Z
141,2025-12-28,google,organic,google-organic-search-141,tablet,2,672,2025-12-28T20:27:00Z
142,2025-08-15,google,organic,google-organic-search-142,desktop,10,568,2025-08-15T18:07:00Z
143,2025-04-06,google,organic,google-organic-search-143,desktop,10,54,2025-04-06T18:07:00Z
144,2025-06-24,google,organic,google-organic-search-144,desktop,12,252,2025-06-24T20:01:00Z
145,2025-06-13,google,organic,google-organic-search-145,mobile,3,33,2025-06-13T19:16:00Z
146,2025-09-21,google,organic,google-organic-search-146,desktop,12,214,2025-09-21T14:48:00Z
147,2025-10-07,google,organic,google-organic-search-147,tablet,8,722,2025-10-07T19:23:00Z
148,2025-07-28,google,organic,google-organic-search-148,desktop,10,674,2025-07-28T05:25:00Z
149,2025-04-22,google,organic,google-organic-search-149,desktop,10,743,2025-04-22T17:27:00Z
150,2025-04-23,google,organic,google-organic-search-150,desktop,8,367,2025-04-23T15:59:00Z
151,2025-08-30,google,organic,google-organic-search-151,tablet,6,273,2025-08-30T08:40:00Z
152,2026-01-28,google,organic,google-organic-search-152,desktop,1,336,2026-01-28T09:47:00Z
153,2026-01-11,google,organic,google-organic-search-153,tablet,5,720,2026-01-11T09:59:00Z
154,2025-09-16,google,organic,google-organic-search-154,desktop,9,102,2025-09-16T03:35:00Z
155,2025-04-09,google,organic,google-organic-search-155,tablet,9,133,2025-04-09T22:35:00Z
156,2026-01-30,google,organic,google-organic-search-156,mobile,6,654,2026-01-30T11:33:00Z
157,2025-07-18,google,organic,google-organic-search-157,mobile,5,790,2025-07-18T10:25:00Z
158,2025-10-25,google,organic,google-organic-search-158,desktop,3,621,2025-10-25T21:23:00Z
159,2025-06-16,google,organic,google-organic-search-159,desktop,8,641,2025-06-16T15:03:00Z
160,2026-03-25,facebook,cpc,facebook-cpc-retarget-160,mobile,7,22,2026-03-25T07:51:00Z
161,2025-10-27,facebook,cpc,facebook-cpc-retarget-161,desktop,7,870,2025-10-27T04:19:00Z
162,2026-01-03,facebook,cpc,facebook-cpc-retarget-162,mobile,1,468,2026-01-03T00:18:00Z
163,2025-11-16,facebook,cpc,facebook-cpc-retarget-163,tablet,3,785,2025-11-16T13:57:00Z
164,2025-10-25,facebook,cpc,facebook-cpc-retarget-164,desktop,3,211,2025-10-25T11:51:00Z
165,2025-05-03,facebook,cpc,facebook-cpc-retarget-165,mobile,9,383,2025-05-03T00:04:00Z
166,2025-10-09,facebook,cpc,facebook-cpc-retarget-166,desktop,11,14,2025-10-09T02:28:00Z
167,2025-07-27,facebook,cpc,facebook-cpc-retarget-167,tablet,12,660,2025-07-27T02:27:00Z
168,2025-12-11,facebook,cpc,facebook-cpc-retarget-168,desktop,6,443,2025-12-11T01:22:00Z
169,2025-12-26,facebook,cpc,facebook-cpc-retarget-169,mobile,10,73,2025-12-26T11:08:00Z
170,2025-07-01,facebook,cpc,facebook-cpc-retarget-170,mobile,5,86,2025-07-01T06:15:00Z
171,2026-01-28,facebook,cpc,facebook-cpc-retarget-171,mobile,5,462,2026-01-28T18:16:00Z
172,2025-04-29,facebook,cpc,facebook-cpc-retarget-172,tablet,7,280,2025-04-29T23:47:00Z
173,2025-10-05,facebook,cpc,facebook-cpc-retarget-173,desktop,2,706,2025-10-05T10:44:00Z
174,2025-11-26,facebook,cpc,facebook-cpc-retarget-174,tablet,1,336,2025-11-26T23:29:00Z
175,2025-06-03,facebook,cpc,facebook-cpc-retarget-175,tablet,12,91,2025-06-03T20:59:00Z
176,2025-12-25,facebook,cpc,facebook-cpc-retarget-176,tablet,10,554,2025-12-25T12:27:00Z
177,2026-04-16,facebook,cpc,facebook-cpc-retarget-177,mobile,12,424,2026-04-16T18:13:00Z
178,2025-11-06,facebook,cpc,facebook-cpc-retarget-178,mobile,7,136,2025-11-06T17:15:00Z
179,2025-07-09,facebook,cpc,facebook-cpc-retarget-179,mobile,12,631,2025-07-09T15:16:00Z
180,2026-02-16,facebook,cpc,facebook-cpc-retarget-180,tablet,9,481,2026-02-16T12:35:00Z
181,2025-04-04,facebook,cpc,facebook-cpc-retarget-181,mobile,11,489,2025-04-04T01:49:00Z
182,2025-07-05,facebook,cpc,facebook-cpc-retarget-182,desktop,12,720,2025-07-05T15:54:00Z
183,2025-11-29,facebook,cpc,facebook-cpc-retarget-183,tablet,2,565,2025-11-29T08:15:00Z
184,2026-06-13,facebook,cpc,facebook-cpc-retarget-184,desktop,11,112,2026-06-13T18:11:00Z
185,2025-06-23,facebook,cpc,facebook-cpc-retarget-185,desktop,10,378,2025-06-23T13:31:00Z
186,2025-08-02,facebook,cpc,facebook-cpc-retarget-186,desktop,4,880,2025-08-02T04:44:00Z
187,2026-03-28,facebook,cpc,facebook-cpc-retarget-187,tablet,12,500,2026-03-28T06:50:00Z
188,2026-03-16,facebook,cpc,facebook-cpc-retarget-188,desktop,4,589,2026-03-16T12:18:00Z
189,2025-08-11,facebook,cpc,facebook-cpc-retarget-189,desktop,3,899,2025-08-11T17:58:00Z
190,2025-06-08,facebook,cpc,facebook-cpc-retarget-190,mobile,4,791,2025-06-08T05:52:00Z
191,2025-10-20,facebook,cpc,facebook-cpc-retarget-191,mobile,7,642,2025-10-20T18:41:00Z
192,2025-07-05,facebook,cpc,facebook-cpc-retarget-192,mobile,3,459,2025-07-05T15:58:00Z
193,2025-07-31,facebook,cpc,facebook-cpc-retarget-193,tablet,12,173,2025-07-31T07:46:00Z
194,2025-12-30,facebook,cpc,facebook-cpc-retarget-194,mobile,11,154,2025-12-30T01:08:00Z
195,2026-03-18,facebook,organic,facebook-organic-page-post-195,desktop,1,599,2026-03-18T03:16:00Z
196,2026-03-19,facebook,organic,facebook-organic-page-post-196,desktop,2,443,2026-03-19T19:12:00Z
197,2025-07-26,facebook,organic,facebook-organic-page-post-197,desktop,9,295,2025-07-26T09:08:00Z
198,2025-07-18,facebook,organic,facebook-organic-page-post-198,mobile,8,685,2025-07-18T02:38:00Z
199,2026-01-28,facebook,organic,facebook-organic-page-post-199,tablet,3,632,2026-01-28T00:51:00Z
200,2026-03-11,facebook,organic,facebook-organic-page-post-200,mobile,6,849,2026-03-11T10:55:00Z
201,2025-05-14,facebook,organic,facebook-organic-page-post-201,mobile,5,716,2025-05-14T10:08:00Z
202,2025-10-17,facebook,organic,facebook-organic-page-post-202,desktop,8,341,2025-10-17T13:36:00Z
203,2026-03-20,facebook,organic,facebook-organic-page-post-203,tablet,10,81,2026-03-20T06:35:00Z
204,2025-07-23,facebook,organic,facebook-organic-page-post-204,desktop,1,13,2025-07-23T22:53:00Z
205,2025-10-19,facebook,organic,facebook-organic-page-post-205,mobile,4,228,2025-10-19T21:09:00Z
206,2025-07-04,facebook,organic,facebook-organic-page-post-206,mobile,11,752,2025-07-04T04:58:00Z
207,2025-06-05,facebook,organic,facebook-organic-page-post-207,mobile,8,488,2025-06-05T14:13:00Z
208,2025-07-14,facebook,organic,facebook-organic-page-post-208,desktop,7,753,2025-07-14T16:44:00Z
209,2025-04-18,facebook,organic,facebook-organic-page-post-209,mobile,7,315,2025-04-18T23:30:00Z
210,2025-04-15,facebook,organic,facebook-organic-page-post-210,mobile,1,222,2025-04-15T17:23:00Z
211,2025-04-27,facebook,organic,facebook-organic-page-post-211,desktop,7,826,2025-04-27T01:21:00Z
212,2026-02-09,facebook,organic,facebook-organic-page-post-212,mobile,3,648,2026-02-09T16:50:00Z
213,2025-09-03,facebook,organic,facebook-organic-page-post-213,desktop,11,304,2025-09-03T02:46:00Z
214,2026-05-27,facebook,organic,facebook-organic-page-post-214,desktop,11,494,2026-05-27T22:19:00Z
215,2026-04-08,facebook,organic,facebook-organic-page-post-215,desktop,3,517,2026-04-08T08:01:00Z
216,2026-03-12,facebook,organic,facebook-organic-page-post-216,tablet,7,494,2026-03-12T11:32:00Z
217,2025-06-25,facebook,organic,facebook-organic-page-post-217,mobile,8,440,2025-06-25T04:23:00Z
218,2026-01-17,facebook,organic,facebook-organic-page-post-218,desktop,7,860,2026-01-17T05:00:00Z
219,2026-06-06,facebook,organic,facebook-organic-page-post-219,desktop,4,733,2026-06-06T12:12:00Z
220,2026-05-18,facebook,organic,facebook-organic-page-post-220,tablet,11,375,2026-05-18T20:54:00Z
221,2026-05-12,facebook,organic,facebook-organic-page-post-221,mobile,5,431,2026-05-12T23:04:00Z
222,2025-08-23,facebook,organic,facebook-organic-page-post-222,tablet,8,283,2025-08-23T10:38:00Z
223,2025-12-05,facebook,organic,facebook-organic-page-post-223,tablet,10,223,2025-12-05T03:33:00Z
224,2025-07-21,facebook,organic,facebook-organic-page-post-224,tablet,12,798,2025-07-21T18:43:00Z
225,2025-12-05,facebook,organic,facebook-organic-page-post-225,tablet,10,868,2025-12-05T17:45:00Z
226,2025-08-21,facebook,organic,facebook-organic-page-post-226,tablet,2,273,2025-08-21T19:58:00Z
227,2025-11-05,instagram,cpc,instagram-cpc-story-ads-227,desktop,10,767,2025-11-05T19:56:00Z
228,2025-09-09,instagram,cpc,instagram-cpc-story-ads-228,mobile,1,897,2025-09-09T09:38:00Z
229,2026-03-26,instagram,cpc,instagram-cpc-story-ads-229,tablet,4,156,2026-03-26T13:49:00Z
230,2026-06-21,instagram,cpc,instagram-cpc-story-ads-230,mobile,5,231,2026-06-21T04:08:00Z
231,2026-04-17,instagram,cpc,instagram-cpc-story-ads-231,desktop,10,273,2026-04-17T12:06:00Z
232,2025-06-06,instagram,cpc,instagram-cpc-story-ads-232,desktop,3,745,2025-06-06T17:37:00Z
233,2026-03-27,instagram,cpc,instagram-cpc-story-ads-233,tablet,11,86,2026-03-27T21:55:00Z
234,2025-05-24,instagram,cpc,instagram-cpc-story-ads-234,mobile,10,305,2025-05-24T17:59:00Z
235,2025-09-21,instagram,cpc,instagram-cpc-story-ads-235,desktop,5,26,2025-09-21T00:44:00Z
236,2025-05-08,instagram,cpc,instagram-cpc-story-ads-236,desktop,11,471,2025-05-08T13:47:00Z
237,2026-03-24,instagram,cpc,instagram-cpc-story-ads-237,desktop,3,207,2026-03-24T18:33:00Z
238,2026-03-27,instagram,cpc,instagram-cpc-story-ads-238,mobile,8,317,2026-03-27T05:52:00Z
239,2026-06-30,instagram,cpc,instagram-cpc-story-ads-239,tablet,3,359,2026-06-30T12:45:00Z
240,2025-11-23,instagram,cpc,instagram-cpc-story-ads-240,tablet,9,722,2025-11-23T15:04:00Z
241,2026-06-08,instagram,cpc,instagram-cpc-story-ads-241,tablet,9,548,2026-06-08T04:58:00Z
242,2025-06-05,instagram,cpc,instagram-cpc-story-ads-242,desktop,8,548,2025-06-05T20:34:00Z
243,2026-02-27,instagram,cpc,instagram-cpc-story-ads-243,mobile,1,347,2026-02-27T21:34:00Z
244,2026-06-09,instagram,cpc,instagram-cpc-story-ads-244,mobile,2,407,2026-06-09T16:03:00Z
245,2025-10-14,instagram,cpc,instagram-cpc-story-ads-245,tablet,2,758,2025-10-14T06:44:00Z
246,2026-04-06,instagram,cpc,instagram-cpc-story-ads-246,mobile,10,667,2026-04-06T11:25:00Z
247,2025-09-04,instagram,cpc,instagram-cpc-story-ads-247,mobile,12,598,2025-09-04T19:34:00Z
248,2026-06-20,instagram,cpc,instagram-cpc-story-ads-248,mobile,7,35,2026-06-20T21:20:00Z
249,2025-12-20,instagram,cpc,instagram-cpc-story-ads-249,mobile,11,464,2025-12-20T19:17:00Z
250,2026-01-16,instagram,cpc,instagram-cpc-story-ads-250,mobile,4,704,2026-01-16T17:15:00Z
251,2025-04-02,instagram,cpc,instagram-cpc-story-ads-251,tablet,8,167,2025-04-02T06:25:00Z
252,2026-05-17,instagram,cpc,instagram-cpc-story-ads-252,desktop,1,869,2026-05-17T17:03:00Z
253,2026-01-19,instagram,cpc,instagram-cpc-story-ads-253,desktop,7,95,2026-01-19T12:25:00Z
254,2025-06-07,instagram,cpc,instagram-cpc-story-ads-254,desktop,2,438,2025-06-07T10:22:00Z
255,2025-09-11,instagram,cpc,instagram-cpc-story-ads-255,tablet,8,710,2025-09-11T16:26:00Z
256,2025-08-21,instagram,cpc,instagram-cpc-story-ads-256,mobile,8,691,2025-08-21T16:25:00Z
257,2025-09-13,instagram,cpc,instagram-cpc-story-ads-257,mobile,6,515,2025-09-13T11:06:00Z
258,2025-06-28,instagram,cpc,instagram-cpc-story-ads-258,mobile,8,451,2025-06-28T08:00:00Z
259,2025-04-04,instagram,cpc,instagram-cpc-story-ads-259,desktop,7,546,2025-04-04T14:21:00Z
260,2025-12-23,instagram,cpc,instagram-cpc-story-ads-260,mobile,9,886,2025-12-23T04:18:00Z
261,2026-03-16,instagram,cpc,instagram-cpc-story-ads-261,desktop,6,83,2026-03-16T13:24:00Z
262,2025-09-28,instagram,cpc,instagram-cpc-story-ads-262,mobile,6,119,2025-09-28T04:11:00Z
263,2025-08-10,instagram,cpc,instagram-cpc-story-ads-263,mobile,5,80,2025-08-10T16:37:00Z
264,2026-02-08,instagram,cpc,instagram-cpc-story-ads-264,mobile,5,15,2026-02-08T04:51:00Z
265,2026-06-09,instagram,cpc,instagram-cpc-story-ads-265,desktop,4,551,2026-06-09T13:58:00Z
266,2025-12-30,instagram,cpc,instagram-cpc-story-ads-266,mobile,1,534,2025-12-30T07:53:00Z
267,2025-09-10,instagram,cpc,instagram-cpc-story-ads-267,mobile,1,757,2025-09-10T02:28:00Z
268,2025-08-04,instagram,organic,instagram-organic-reels-268,mobile,4,56,2025-08-04T19:19:00Z
269,2026-05-20,instagram,organic,instagram-organic-reels-269,mobile,3,227,2026-05-20T16:41:00Z
270,2025-10-28,instagram,organic,instagram-organic-reels-270,desktop,3,56,2025-10-28T22:21:00Z
271,2026-04-10,instagram,organic,instagram-organic-reels-271,desktop,9,636,2026-04-10T23:34:00Z
272,2025-07-24,instagram,organic,instagram-organic-reels-272,desktop,10,805,2025-07-24T08:47:00Z
273,2025-05-06,instagram,organic,instagram-organic-reels-273,desktop,5,694,2025-05-06T18:00:00Z
274,2026-01-24,instagram,organic,instagram-organic-reels-274,mobile,11,77,2026-01-24T19:30:00Z
275,2026-01-31,instagram,organic,instagram-organic-reels-275,mobile,10,508,2026-01-31T04:53:00Z
276,2025-08-18,instagram,organic,instagram-organic-reels-276,mobile,3,578,2025-08-18T08:07:00Z
277,2025-07-17,instagram,organic,instagram-organic-reels-277,mobile,7,634,2025-07-17T08:33:00Z
278,2025-04-07,instagram,organic,instagram-organic-reels-278,mobile,6,53,2025-04-07T14:13:00Z
279,2025-09-29,instagram,organic,instagram-organic-reels-279,mobile,12,513,2025-09-29T09:32:00Z
280,2025-04-08,instagram,organic,instagram-organic-reels-280,tablet,6,520,2025-04-08T20:40:00Z
281,2025-07-24,instagram,organic,instagram-organic-reels-281,tablet,5,703,2025-07-24T00:56:00Z
282,2025-09-20,instagram,organic,instagram-organic-reels-282,tablet,11,789,2025-09-20T17:02:00Z
283,2025-06-11,instagram,organic,instagram-organic-reels-283,tablet,7,11,2025-06-11T05:45:00Z
284,2026-02-10,instagram,organic,instagram-organic-reels-284,mobile,5,160,2026-02-10T20:55:00Z
285,2026-05-20,instagram,organic,instagram-organic-reels-285,desktop,4,102,2026-05-20T11:58:00Z
286,2025-12-28,instagram,organic,instagram-organic-reels-286,tablet,3,350,2025-12-28T16:17:00Z
287,2026-02-07,instagram,organic,instagram-organic-reels-287,desktop,8,205,2026-02-07T09:09:00Z
288,2025-04-21,instagram,organic,instagram-organic-reels-288,desktop,2,587,2025-04-21T23:28:00Z
289,2026-03-07,instagram,organic,instagram-organic-reels-289,mobile,8,302,2026-03-07T17:27:00Z
290,2025-11-22,instagram,organic,instagram-organic-reels-290,mobile,10,384,2025-11-22T03:42:00Z
291,2025-09-06,instagram,organic,instagram-organic-reels-291,desktop,9,445,2025-09-06T23:17:00Z
292,2026-03-18,instagram,organic,instagram-organic-reels-292,tablet,12,172,2026-03-18T06:00:00Z
293,2025-12-24,gdn,display,banner-network-retargeting-293,tablet,3,869,2025-12-24T19:20:00Z
294,2026-05-08,gdn,display,banner-network-retargeting-294,tablet,9,415,2026-05-08T22:32:00Z
295,2026-05-18,gdn,display,banner-network-retargeting-295,mobile,2,594,2026-05-18T13:10:00Z
296,2025-08-04,gdn,display,banner-network-retargeting-296,tablet,4,182,2025-08-04T13:01:00Z
297,2026-04-13,gdn,display,banner-network-retargeting-297,tablet,6,749,2026-04-13T17:24:00Z
298,2026-04-02,gdn,display,banner-network-retargeting-298,tablet,5,179,2026-04-02T14:26:00Z
299,2026-06-04,gdn,display,banner-network-retargeting-299,mobile,5,538,2026-06-04T06:06:00Z
300,2026-06-09,gdn,display,banner-network-retargeting-300,mobile,4,726,2026-06-09T00:24:00Z
301,2025-10-24,gdn,display,banner-network-retargeting-301,desktop,10,228,2025-10-24T21:41:00Z
302,2026-03-15,gdn,display,banner-network-retargeting-302,desktop,6,104,2026-03-15T16:59:00Z
303,2026-05-14,gdn,display,banner-network-retargeting-303,desktop,8,563,2026-05-14T16:09:00Z
304,2025-08-29,gdn,display,banner-network-retargeting-304,desktop,7,853,2025-08-29T11:52:00Z
305,2025-09-22,gdn,display,banner-network-retargeting-305,tablet,5,434,2025-09-22T19:35:00Z
306,2026-01-29,gdn,display,banner-network-retargeting-306,desktop,7,166,2026-01-29T07:08:00Z
307,2025-11-22,gdn,display,banner-network-retargeting-307,tablet,3,235,2025-11-22T20:30:00Z
308,2025-05-31,gdn,display,banner-network-retargeting-308,mobile,10,524,2025-05-31T18:01:00Z
309,2025-06-17,gdn,display,banner-network-retargeting-309,desktop,4,492,2025-06-17T21:52:00Z
310,2026-01-19,gdn,display,banner-network-retargeting-310,desktop,1,735,2026-01-19T13:20:00Z
311,2026-05-27,gdn,display,banner-network-retargeting-311,mobile,12,565,2026-05-27T20:40:00Z
312,2025-11-16,gdn,display,banner-network-retargeting-312,desktop,11,575,2025-11-16T08:51:00Z
313,2025-11-25,gdn,display,banner-network-retargeting-313,mobile,10,340,2025-11-25T22:16:00Z
314,2025-05-07,gdn,display,banner-network-retargeting-314,tablet,8,440,2025-05-07T15:20:00Z
315,2025-09-08,gdn,display,banner-network-retargeting-315,desktop,10,547,2025-09-08T02:52:00Z
316,2026-06-24,gdn,display,banner-network-retargeting-316,tablet,9,649,2026-06-24T21:02:00Z
317,2026-06-06,gdn,display,banner-network-retargeting-317,mobile,12,225,2026-06-06T14:32:00Z
318,2025-05-04,gdn,display,banner-network-retargeting-318,mobile,10,76,2025-05-04T10:31:00Z
319,2026-02-03,gdn,display,banner-network-retargeting-319,desktop,9,604,2026-02-03T09:23:00Z
320,2025-12-18,gdn,display,banner-network-retargeting-320,tablet,12,652,2025-12-18T12:10:00Z
321,2025-10-25,gdn,display,banner-network-retargeting-321,tablet,4,527,2025-10-25T08:35:00Z
322,2025-12-19,gdn,display,banner-network-retargeting-322,mobile,7,220,2025-12-19T16:01:00Z
323,2026-06-15,gdn,display,banner-network-retargeting-323,desktop,1,711,2026-06-15T15:25:00Z
324,2025-05-11,gdn,display,banner-network-retargeting-324,desktop,4,617,2025-05-11T12:43:00Z
325,2025-05-26,gdn,display,banner-network-retargeting-325,desktop,2,656,2025-05-26T21:38:00Z
326,2025-04-15,gdn,display,banner-network-retargeting-326,tablet,6,765,2025-04-15T02:35:00Z
327,2026-06-24,gdn,display,banner-network-retargeting-327,tablet,2,168,2026-06-24T18:41:00Z
328,2026-05-10,gdn,display,banner-network-retargeting-328,tablet,9,669,2026-05-10T12:54:00Z
329,2026-03-02,gdn,display,banner-network-retargeting-329,desktop,9,795,2026-03-02T04:52:00Z
330,2026-05-19,gdn,display,banner-network-retargeting-330,desktop,11,857,2026-05-19T15:00:00Z
331,2025-10-23,gdn,display,banner-network-retargeting-331,mobile,12,788,2025-10-23T19:02:00Z
332,2026-06-22,gdn,display,banner-network-retargeting-332,desktop,1,475,2026-06-22T18:08:00Z
333,2025-07-22,gdn,display,banner-network-retargeting-333,mobile,3,613,2025-07-22T17:09:00Z
334,2026-01-09,affiliate,referral,affiliate-super-partner-334,tablet,4,239,2026-01-09T08:57:00Z
335,2026-03-28,affiliate,referral,affiliate-super-partner-335,tablet,11,879,2026-03-28T13:42:00Z
336,2025-09-03,affiliate,referral,affiliate-super-partner-336,tablet,8,57,2025-09-03T07:45:00Z
337,2025-09-09,affiliate,referral,affiliate-super-partner-337,desktop,7,512,2025-09-09T10:29:00Z
338,2025-12-18,affiliate,referral,affiliate-super-partner-338,tablet,7,892,2025-12-18T16:50:00Z
339,2026-04-09,affiliate,referral,affiliate-super-partner-339,desktop,4,356,2026-04-09T11:44:00Z
340,2025-11-15,affiliate,referral,affiliate-super-partner-340,desktop,8,462,2025-11-15T07:47:00Z
341,2025-05-22,affiliate,referral,affiliate-super-partner-341,desktop,11,233,2025-05-22T03:20:00Z
342,2025-09-16,affiliate,referral,affiliate-super-partner-342,mobile,11,53,2025-09-16T21:54:00Z
343,2026-04-29,affiliate,referral,affiliate-super-partner-343,mobile,8,702,2026-04-29T01:22:00Z
344,2025-06-05,affiliate,referral,affiliate-super-partner-344,tablet,2,547,2025-06-05T15:39:00Z
345,2026-02-03,affiliate,referral,affiliate-super-partner-345,tablet,12,237,2026-02-03T16:17:00Z
346,2026-03-30,affiliate,referral,affiliate-super-partner-346,mobile,5,55,2026-03-30T09:23:00Z
347,2025-12-17,affiliate,referral,affiliate-super-partner-347,tablet,4,117,2025-12-17T02:19:00Z
348,2025-05-03,affiliate,referral,affiliate-super-partner-348,mobile,8,62,2025-05-03T20:58:00Z
349,2026-03-26,affiliate,referral,affiliate-super-partner-349,desktop,3,242,2026-03-26T20:50:00Z
350,2025-09-13,affiliate,referral,affiliate-super-partner-350,desktop,4,420,2025-09-13T17:28:00Z
351,2025-05-29,affiliate,referral,affiliate-super-partner-351,mobile,11,778,2025-05-29T12:52:00Z
352,2026-05-03,affiliate,referral,affiliate-super-partner-352,tablet,10,86,2026-05-03T23:02:00Z
353,2026-01-24,affiliate,referral,affiliate-super-partner-353,tablet,8,471,2026-01-24T19:28:00Z
354,2026-01-01,affiliate,referral,affiliate-super-partner-354,desktop,3,247,2026-01-01T20:19:00Z
355,2026-05-17,affiliate,referral,affiliate-super-partner-355,tablet,5,375,2026-05-17T13:32:00Z
356,2025-08-28,affiliate,referral,affiliate-super-partner-356,mobile,7,494,2025-08-28T18:51:00Z
357,2025-08-29,affiliate,referral,affiliate-super-partner-357,desktop,4,849,2025-08-29T13:46:00Z
358,2026-06-13,affiliate,referral,affiliate-super-partner-358,mobile,5,843,2026-06-13T00:04:00Z
359,2025-11-08,affiliate,referral,affiliate-super-partner-359,desktop,3,637,2025-11-08T10:30:00Z
360,2025-07-21,affiliate,referral,affiliate-super-partner-360,mobile,9,687,2025-07-21T06:55:00Z
361,2025-05-31,affiliate,referral,affiliate-super-partner-361,mobile,10,520,2025-05-31T11:28:00Z
362,2026-03-28,affiliate,referral,affiliate-super-partner-362,desktop,10,730,2026-03-28T21:09:00Z
363,2026-03-06,affiliate,referral,affiliate-super-partner-363,mobile,4,116,2026-03-06T16:25:00Z
364,2026-01-12,affiliate,referral,affiliate-super-partner-364,tablet,4,737,2026-01-12T01:08:00Z
365,2026-01-15,affiliate,referral,affiliate-super-partner-365,desktop,6,582,2026-01-15T11:58:00Z
366,2026-03-28,affiliate,referral,affiliate-super-partner-366,tablet,5,667,2026-03-28T05:52:00Z
367,2025-07-26,affiliate,referral,affiliate-super-partner-367,desktop,3,317,2025-07-26T02:24:00Z
368,2026-06-12,affiliate,referral,affiliate-super-partner-368,tablet,6,80,2026-06-12T17:22:00Z
369,2026-02-15,affiliate,referral,affiliate-super-partner-369,tablet,5,560,2026-02-15T07:37:00Z
370,2025-11-08,affiliate,referral,affiliate-super-partner-370,mobile,1,487,2025-11-08T06:19:00Z
371,2026-05-12,cj,affiliate,cj-network-impact-371,mobile,8,736,2026-05-12T08:24:00Z
372,2025-06-30,cj,affiliate,cj-network-impact-372,tablet,2,363,2025-06-30T23:40:00Z
373,2026-01-19,cj,affiliate,cj-network-impact-373,mobile,9,300,2026-01-19T20:05:00Z
374,2026-02-16,cj,affiliate,cj-network-impact-374,mobile,5,768,2026-02-16T19:07:00Z
375,2025-11-04,cj,affiliate,cj-network-impact-375,desktop,8,13,2025-11-04T10:00:00Z
376,2025-06-22,cj,affiliate,cj-network-impact-376,desktop,2,535,2025-06-22T21:06:00Z
377,2025-10-25,cj,affiliate,cj-network-impact-377,tablet,9,83,2025-10-25T20:53:00Z
378,2025-08-25,cj,affiliate,cj-network-impact-378,desktop,4,816,2025-08-25T09:53:00Z
379,2025-08-19,cj,affiliate,cj-network-impact-379,tablet,8,405,2025-08-19T22:56:00Z
380,2025-04-30,cj,affiliate,cj-network-impact-380,tablet,10,271,2025-04-30T17:13:00Z
381,2026-03-22,cj,affiliate,cj-network-impact-381,mobile,8,304,2026-03-22T00:47:00Z
382,2025-06-05,cj,affiliate,cj-network-impact-382,tablet,12,890,2025-06-05T04:34:00Z
383,2025-10-25,cj,affiliate,cj-network-impact-383,mobile,11,662,2025-10-25T07:12:00Z
384,2026-04-30,cj,affiliate,cj-network-impact-384,desktop,3,444,2026-04-30T20:22:00Z
385,2026-04-19,cj,affiliate,cj-network-impact-385,desktop,10,753,2026-04-19T20:37:00Z
386,2025-10-14,cj,affiliate,cj-network-impact-386,tablet,3,129,2025-10-14T17:57:00Z
387,2025-07-06,cj,affiliate,cj-network-impact-387,mobile,7,473,2025-07-06T14:07:00Z
388,2026-02-02,cj,affiliate,cj-network-impact-388,tablet,7,435,2026-02-02T13:27:00Z
389,2025-05-10,cj,affiliate,cj-network-impact-389,desktop,3,330,2025-05-10T23:25:00Z
390,2025-08-02,cj,affiliate,cj-network-impact-390,mobile,3,840,2025-08-02T01:08:00Z
391,2026-05-12,cj,affiliate,cj-network-impact-391,desktop,3,706,2026-05-12T22:14:00Z
392,2025-08-16,cj,affiliate,cj-network-impact-392,tablet,10,567,2025-08-16T01:04:00Z
393,2025-07-16,cj,affiliate,cj-network-impact-393,tablet,8,443,2025-07-16T17:14:00Z
394,2025-11-02,cj,affiliate,cj-network-impact-394,mobile,6,642,2025-11-02T23:01:00Z
395,2025-05-19,cj,affiliate,cj-network-impact-395,mobile,8,639,2025-05-19T02:20:00Z
396,2025-06-16,cj,affiliate,cj-network-impact-396,tablet,5,292,2025-06-16T12:07:00Z
397,2025-08-19,cj,affiliate,cj-network-impact-397,mobile,1,641,2025-08-19T05:13:00Z
398,2025-08-04,cj,affiliate,cj-network-impact-398,mobile,2,478,2025-08-04T09:54:00Z
399,2025-10-20,cj,affiliate,cj-network-impact-399,mobile,7,324,2025-10-20T04:55:00Z
400,2026-05-20,cj,affiliate,cj-network-impact-400,mobile,1,122,2026-05-20T17:24:00Z
401,2025-08-05,cj,affiliate,cj-network-impact-401,mobile,3,398,2025-08-05T06:04:00Z
402,2026-01-16,cj,affiliate,cj-network-impact-402,tablet,6,762,2026-01-16T20:24:00Z
403,2026-02-08,cj,affiliate,cj-network-impact-403,tablet,6,374,2026-02-08T18:48:00Z
404,2025-06-20,cj,affiliate,cj-network-impact-404,tablet,3,507,2025-06-20T21:28:00Z
405,2026-06-10,email,email,jan-promo-blast-405,mobile,2,315,2026-06-10T19:02:00Z
406,2025-04-14,email,email,jan-promo-blast-406,desktop,9,341,2025-04-14T00:11:00Z
407,2026-04-16,email,email,jan-promo-blast-407,mobile,6,75,2026-04-16T23:46:00Z
408,2025-07-16,email,email,jan-promo-blast-408,mobile,5,709,2025-07-16T08:56:00Z
409,2026-01-07,email,email,jan-promo-blast-409,mobile,8,154,2026-01-07T05:34:00Z
410,2025-12-31,email,email,jan-promo-blast-410,desktop,10,10,2025-12-31T09:30:00Z
411,2026-04-22,email,email,jan-promo-blast-411,desktop,4,77,2026-04-22T08:59:00Z
412,2025-10-02,email,email,jan-promo-blast-412,mobile,7,758,2025-10-02T23:44:00Z
413,2025-05-13,email,email,jan-promo-blast-413,mobile,11,503,2025-05-13T09:37:00Z
414,2026-05-30,email,email,jan-promo-blast-414,desktop,3,376,2026-05-30T02:07:00Z
415,2025-08-12,email,email,jan-promo-blast-415,tablet,10,478,2025-08-12T16:33:00Z
416,2025-11-25,email,email,jan-promo-blast-416,tablet,6,228,2025-11-25T02:08:00Z
417,2026-06-22,email,email,jan-promo-blast-417,tablet,1,306,2026-06-22T00:37:00Z
418,2025-09-12,email,email,jan-promo-blast-418,mobile,4,461,2025-09-12T15:41:00Z
419,2025-11-09,email,email,jan-promo-blast-419,mobile,2,536,2025-11-09T06:03:00Z
420,2026-03-24,email,email,jan-promo-blast-420,tablet,6,524,2026-03-24T01:03:00Z
421,2025-05-22,email,email,jan-promo-blast-421,tablet,12,558,2025-05-22T15:15:00Z
422,2025-05-14,email,email,jan-promo-blast-422,mobile,4,606,2025-05-14T02:20:00Z
423,2025-05-18,email,email,jan-promo-blast-423,desktop,5,244,2025-05-18T13:30:00Z
424,2025-12-30,email,email,jan-promo-blast-424,mobile,3,656,2025-12-30T03:51:00Z
425,2025-04-08,email,email,jan-promo-blast-425,mobile,9,89,2025-04-08T17:29:00Z
426,2025-05-20,email,email,jan-promo-blast-426,desktop,10,697,2025-05-20T12:40:00Z
427,2025-12-25,email,email,jan-promo-blast-427,mobile,7,318,2025-12-25T04:21:00Z
428,2026-04-25,email,email,jan-promo-blast-428,mobile,1,426,2026-04-25T20:35:00Z
429,2026-02-28,email,email,jan-promo-blast-429,desktop,3,894,2026-02-28T13:52:00Z
430,2026-01-22,email,email,jan-promo-blast-430,tablet,4,260,2026-01-22T23:04:00Z
431,2025-10-08,email,email,jan-promo-blast-431,mobile,3,733,2025-10-08T23:12:00Z
432,2025-04-07,email,email,jan-promo-blast-432,mobile,1,64,2025-04-07T05:12:00Z
433,2025-04-28,email,email,jan-promo-blast-433,desktop,9,452,2025-04-28T10:41:00Z
434,2026-03-20,email,email,jan-promo-blast-434,mobile,12,29,2026-03-20T21:20:00Z
435,2026-05-31,email,email,jan-promo-blast-435,desktop,3,305,2026-05-31T23:06:00Z
436,2025-05-20,email,email,jan-promo-blast-436,mobile,3,37,2025-05-20T12:26:00Z
437,2025-12-02,email,email,jan-promo-blast-437,desktop,2,332,2025-12-02T02:16:00Z
438,2025-09-11,email,email,jan-promo-blast-438,tablet,10,589,2025-09-11T04:01:00Z
439,2025-05-19,email,email,jan-promo-blast-439,mobile,7,265,2025-05-19T06:54:00Z
440,2026-04-14,email,email,jan-promo-blast-440,tablet,3,141,2026-04-14T04:54:00Z
441,2025-06-09,email,email,jan-promo-blast-441,mobile,1,42,2025-06-09T10:14:00Z
442,2025-06-06,email,email,newsletter-weekly-digest-442,desktop,11,190,2025-06-06T01:23:00Z
443,2025-10-11,email,email,newsletter-weekly-digest-443,desktop,11,38,2025-10-11T03:42:00Z
444,2026-04-14,email,email,newsletter-weekly-digest-444,tablet,1,880,2026-04-14T02:07:00Z
445,2026-04-24,email,email,newsletter-weekly-digest-445,desktop,5,557,2026-04-24T09:13:00Z
446,2025-07-24,email,email,newsletter-weekly-digest-446,tablet,2,207,2025-07-24T07:41:00Z
447,2025-06-29,email,email,newsletter-weekly-digest-447,mobile,3,539,2025-06-29T12:07:00Z
448,2026-05-13,email,email,newsletter-weekly-digest-448,desktop,3,259,2026-05-13T23:38:00Z
449,2025-08-09,email,email,newsletter-weekly-digest-449,mobile,7,705,2025-08-09T09:21:00Z
450,2025-06-04,email,email,newsletter-weekly-digest-450,desktop,5,200,2025-06-04T16:25:00Z
451,2025-08-31,email,email,newsletter-weekly-digest-451,mobile,10,463,2025-08-31T13:50:00Z
452,2025-04-03,email,email,newsletter-weekly-digest-452,desktop,5,607,2025-04-03T16:27:00Z
453,2025-11-06,email,email,newsletter-weekly-digest-453,desktop,5,188,2025-11-06T23:03:00Z
454,2026-04-09,email,email,newsletter-weekly-digest-454,tablet,6,263,2026-04-09T13:48:00Z
455,2025-11-19,email,email,newsletter-weekly-digest-455,tablet,11,494,2025-11-19T20:57:00Z
456,2026-06-18,email,email,newsletter-weekly-digest-456,desktop,5,687,2026-06-18T18:35:00Z
457,2026-02-21,email,email,newsletter-weekly-digest-457,tablet,6,191,2026-02-21T19:30:00Z
458,2026-05-31,email,email,newsletter-weekly-digest-458,desktop,6,424,2026-05-31T02:21:00Z
459,2026-03-19,email,email,newsletter-weekly-digest-459,desktop,7,423,2026-03-19T11:52:00Z
460,2025-09-18,email,email,newsletter-weekly-digest-460,tablet,2,283,2025-09-18T15:48:00Z
461,2025-10-17,email,email,newsletter-weekly-digest-461,desktop,6,816,2025-10-17T07:55:00Z
462,2026-02-22,email,email,newsletter-weekly-digest-462,tablet,1,644,2026-02-22T13:26:00Z
463,2025-09-01,email,email,newsletter-weekly-digest-463,desktop,5,494,2025-09-01T11:14:00Z
464,2025-08-06,email,email,newsletter-weekly-digest-464,mobile,10,724,2025-08-06T11:10:00Z
465,2025-08-26,email,email,newsletter-weekly-digest-465,mobile,5,793,2025-08-26T12:27:00Z
466,2026-04-04,email,email,newsletter-weekly-digest-466,mobile,11,248,2026-04-04T10:13:00Z
467,2026-01-13,email,email,newsletter-weekly-digest-467,tablet,12,715,2026-01-13T22:59:00Z
468,2025-10-26,email,email,newsletter-weekly-digest-468,desktop,11,794,2025-10-26T18:35:00Z
469,2026-06-29,email,email,newsletter-weekly-digest-469,mobile,12,265,2026-06-29T04:18:00Z
470,2025-07-13,email,email,newsletter-weekly-digest-470,tablet,7,515,2025-07-13T18:09:00Z
471,2025-08-31,email,email,newsletter-weekly-digest-471,desktop,6,496,2025-08-31T02:10:00Z
472,2026-02-23,email,email,newsletter-weekly-digest-472,mobile,11,724,2026-02-23T13:12:00Z
473,2026-04-17,email,email,newsletter-weekly-digest-473,tablet,9,239,2026-04-17T10:17:00Z
474,2025-07-18,email,email,newsletter-weekly-digest-474,tablet,5,430,2025-07-18T17:21:00Z
475,2025-12-13,email,email,newsletter-weekly-digest-475,tablet,7,262,2025-12-13T21:36:00Z
476,2025-04-14,email,email,newsletter-weekly-digest-476,mobile,2,412,2025-04-14T23:34:00Z
477,2025-06-15,email,email,newsletter-weekly-digest-477,mobile,10,491,2025-06-15T18:40:00Z
478,2025-07-31,email,email,newsletter-weekly-digest-478,tablet,10,780,2025-07-31T17:50:00Z
479,2026-03-03,email,email,newsletter-weekly-digest-479,desktop,7,108,2026-03-03T11:55:00Z
480,2025-07-24,email,email,newsletter-weekly-digest-480,tablet,9,95,2025-07-24T03:25:00Z
481,2026-05-06,email,email,newsletter-weekly-digest-481,tablet,11,211,2026-05-06T22:29:00Z
482,2025-05-16,email,email,newsletter-weekly-digest-482,desktop,4,33,2025-05-16T15:51:00Z
483,2025-07-16,email,email,newsletter-weekly-digest-483,mobile,3,398,2025-07-16T01:30:00Z
484,2026-03-20,email,email,newsletter-weekly-digest-484,desktop,1,107,2026-03-20T08:34:00Z
485,2025-11-03,referral-partner-site,referral,jan-collab-485,mobile,9,738,2025-11-03T00:35:00Z
486,2025-06-11,referral-partner-site,referral,jan-collab-486,mobile,12,291,2025-06-11T18:13:00Z
487,2025-05-31,referral-partner-site,referral,jan-collab-487,desktop,2,302,2025-05-31T12:50:00Z
488,2025-07-10,referral-partner-site,referral,jan-collab-488,tablet,5,811,2025-07-10T14:25:00Z
489,2025-07-04,referral-partner-site,referral,jan-collab-489,mobile,11,294,2025-07-04T04:47:00Z
490,2026-01-22,referral-partner-site,referral,jan-collab-490,tablet,3,407,2026-01-22T22:18:00Z
491,2025-09-24,referral-partner-site,referral,jan-collab-491,mobile,4,845,2025-09-24T06:38:00Z
492,2025-05-26,referral-partner-site,referral,jan-collab-492,mobile,3,776,2025-05-26T18:55:00Z
493,2026-05-18,referral-partner-site,referral,jan-collab-493,tablet,11,317,2026-05-18T00:13:00Z
494,2025-10-20,referral-partner-site,referral,jan-collab-494,tablet,5,527,2025-10-20T21:05:00Z
495,2026-03-08,referral-partner-site,referral,jan-collab-495,desktop,3,667,2026-03-08T13:44:00Z
496,2025-10-14,referral-partner-site,referral,jan-collab-496,tablet,5,590,2025-10-14T14:05:00Z
497,2026-02-12,referral-partner-site,referral,jan-collab-497,mobile,8,698,2026-02-12T00:26:00Z
498,2026-03-16,referral-partner-site,referral,jan-collab-498,tablet,4,233,2026-03-16T10:14:00Z
499,2026-02-02,referral-partner-site,referral,jan-collab-499,desktop,1,117,2026-02-02T12:06:00Z
500,2025-06-26,referral-partner-site,referral,jan-collab-500,mobile,10,38,2025-06-26T03:25:00Z
501,2026-05-03,referral-partner-site,referral,jan-collab-501,tablet,4,591,2026-05-03T19:17:00Z
502,2026-04-10,referral-partner-site,referral,jan-collab-502,tablet,1,789,2026-04-10T02:12:00Z
503,2025-07-25,referral-partner-site,referral,jan-collab-503,desktop,5,288,2025-07-25T06:30:00Z
504,2026-03-07,referral-partner-site,referral,jan-collab-504,mobile,8,682,2026-03-07T06:43:00Z
505,2025-08-19,referral-partner-site,referral,jan-collab-505,tablet,2,298,2025-08-19T01:52:00Z
506,2026-01-14,referral-partner-site,referral,jan-collab-506,tablet,12,281,2026-01-14T02:46:00Z
507,2025-05-02,referral-partner-site,referral,jan-collab-507,desktop,7,515,2025-05-02T19:13:00Z
508,2025-04-20,referral-partner-site,referral,jan-collab-508,desktop,5,567,2025-04-20T02:06:00Z
509,2025-10-23,referral-partner-site,referral,jan-collab-509,desktop,5,602,2025-10-23T20:45:00Z
510,2026-01-28,referral-partner-site,referral,jan-collab-510,tablet,11,95,2026-01-28T00:03:00Z
511,2026-06-09,referral-partner-site,referral,jan-collab-511,mobile,11,175,2026-06-09T01:09:00Z
512,2025-12-28,referral-partner-site,referral,jan-collab-512,tablet,7,883,2025-12-28T13:59:00Z
513,2025-05-31,referral-partner-site,referral,jan-collab-513,mobile,9,43,2025-05-31T23:04:00Z
514,2026-06-23,referral-partner-site,referral,jan-collab-514,tablet,10,50,2026-06-23T07:18:00Z
515,2025-06-13,referral-partner-site,referral,jan-collab-515,desktop,4,274,2025-06-13T16:57:00Z
516,2026-04-16,referral-partner-site,referral,jan-collab-516,mobile,5,576,2026-04-16T08:56:00Z
517,2025-06-19,referral-partner-site,referral,jan-collab-517,desktop,4,336,2025-06-19T06:04:00Z
518,2025-11-04,referral-partner-site,referral,jan-collab-518,desktop,12,499,2025-11-04T18:42:00Z
519,2025-05-20,referral-partner-site,referral,jan-collab-519,mobile,10,112,2025-05-20T06:58:00Z
520,2026-01-04,referral-partner-site,referral,jan-collab-520,mobile,1,91,2026-01-04T10:50:00Z
521,2025-12-03,referral-partner-site,referral,jan-collab-521,desktop,12,98,2025-12-03T15:07:00Z
522,2025-07-14,referral-partner-site,referral,jan-collab-522,desktop,12,110,2025-07-14T18:43:00Z
523,2025-09-06,referral-partner-site,referral,jan-collab-523,desktop,3,320,2025-09-06T14:42:00Z
524,2026-06-19,referral-partner-site,referral,jan-collab-524,desktop,3,543,2026-06-19T17:51:00Z
525,2026-03-02,referral-partner-site,referral,jan-collab-525,desktop,5,104,2026-03-02T03:08:00Z
526,2026-06-05,referral-partner-site,referral,jan-collab-526,tablet,8,881,2026-06-05T20:19:00Z
527,2025-09-10,referral-partner-site,referral,jan-collab-527,desktop,8,723,2025-09-10T02:49:00Z
528,2026-02-06,referral-partner-site,referral,jan-collab-528,desktop,7,497,2026-02-06T16:23:00Z
529,2025-10-12,facebook,lead_ad,leadgen-form-529,mobile,7,202,2025-10-12T19:04:00Z
530,2025-08-01,facebook,lead_ad,leadgen-form-530,tablet,2,48,2025-08-01T20:31:00Z
531,2025-09-02,facebook,lead_ad,leadgen-form-531,tablet,2,683,2025-09-02T12:07:00Z
532,2026-05-06,facebook,lead_ad,leadgen-form-532,tablet,5,183,2026-05-06T07:41:00Z
533,2025-06-17,facebook,lead_ad,leadgen-form-533,desktop,6,300,2025-06-17T01:04:00Z
534,2026-03-30,facebook,lead_ad,leadgen-form-534,desktop,2,353,2026-03-30T06:21:00Z
535,2025-04-27,facebook,lead_ad,leadgen-form-535,mobile,10,689,2025-04-27T13:42:00Z
536,2025-07-04,facebook,lead_ad,leadgen-form-536,mobile,2,426,2025-07-04T17:16:00Z
537,2026-05-22,facebook,lead_ad,leadgen-form-537,mobile,6,181,2026-05-22T10:11:00Z
538,2026-04-23,facebook,lead_ad,leadgen-form-538,tablet,8,767,2026-04-23T09:57:00Z
539,2025-05-09,facebook,lead_ad,leadgen-form-539,desktop,3,658,2025-05-09T11:18:00Z
540,2025-12-06,facebook,lead_ad,leadgen-form-540,tablet,2,734,2025-12-06T14:37:00Z
541,2026-01-03,facebook,lead_ad,leadgen-form-541,tablet,12,638,2026-01-03T08:33:00Z
542,2025-12-26,facebook,lead_ad,leadgen-form-542,mobile,7,409,2025-12-26T19:18:00Z
543,2025-12-16,facebook,lead_ad,leadgen-form-543,tablet,10,236,2025-12-16T01:01:00Z
544,2025-10-07,facebook,lead_ad,leadgen-form-544,desktop,10,653,2025-10-07T22:46:00Z
545,2025-09-22,facebook,lead_ad,leadgen-form-545,mobile,8,366,2025-09-22T21:58:00Z
546,2025-10-23,facebook,lead_ad,leadgen-form-546,desktop,6,382,2025-10-23T16:18:00Z
547,2026-06-28,facebook,lead_ad,leadgen-form-547,desktop,3,469,2026-06-28T20:46:00Z
548,2025-05-15,facebook,lead_ad,leadgen-form-548,mobile,3,409,2025-05-15T12:08:00Z
549,2026-04-25,facebook,lead_ad,leadgen-form-549,tablet,6,424,2026-04-25T11:01:00Z
550,2025-08-11,facebook,lead_ad,leadgen-form-550,mobile,1,497,2025-08-11T00:42:00Z
551,2025-04-22,facebook,lead_ad,leadgen-form-551,desktop,5,889,2025-04-22T20:58:00Z
552,2025-08-19,facebook,lead_ad,leadgen-form-552,desktop,4,15,2025-08-19T12:32:00Z
553,2026-02-26,facebook,lead_ad,leadgen-form-553,mobile,3,276,2026-02-26T01:50:00Z
554,2026-03-25,facebook,lead_ad,leadgen-form-554,tablet,8,806,2026-03-25T03:56:00Z
555,2025-04-03,facebook,lead_ad,leadgen-form-555,desktop,11,842,2025-04-03T13:26:00Z
556,2026-01-03,facebook,lead_ad,leadgen-form-556,tablet,1,698,2026-01-03T08:51:00Z
557,2026-04-24,facebook,lead_ad,leadgen-form-557,desktop,8,148,2026-04-24T17:09:00Z
558,2025-04-04,facebook,lead_ad,leadgen-form-558,mobile,7,182,2025-04-04T06:32:00Z
559,2026-04-04,facebook,lead_ad,leadgen-form-559,desktop,2,369,2026-04-04T21:10:00Z
560,2025-06-11,facebook,lead_ad,leadgen-form-560,desktop,3,575,2025-06-11T04:11:00Z
561,2025-06-29,facebook,lead_ad,leadgen-form-561,tablet,3,300,2025-06-29T00:34:00Z
562,2025-08-21,facebook,lead_ad,leadgen-form-562,mobile,6,897,2025-08-21T04:33:00Z
563,2025-07-08,facebook,lead_ad,leadgen-form-563,mobile,10,615,2025-07-08T19:19:00Z
564,2025-04-17,facebook,lead_ad,leadgen-form-564,desktop,5,104,2025-04-17T01:46:00Z
565,2026-04-20,facebook,lead_ad,leadgen-form-565,tablet,5,473,2026-04-20T19:51:00Z
566,2025-05-30,facebook,lead_ad,leadgen-form-566,desktop,6,810,2025-05-30T03:45:00Z
567,2025-05-30,facebook,lead_ad,leadgen-form-567,desktop,6,693,2025-05-30T00:52:00Z
568,2026-06-11,facebook,lead_ad,leadgen-form-568,mobile,4,336,2026-06-11T14:59:00Z
569,2025-06-24,direct,none,(direct)-569,tablet,9,616,2025-06-24T04:59:00Z
570,2026-05-28,direct,none,(direct)-570,desktop,7,306,2026-05-28T03:40:00Z
571,2026-03-25,direct,none,(direct)-571,tablet,6,511,2026-03-25T17:02:00Z
572,2026-02-01,direct,none,(direct)-572,mobile,9,256,2026-02-01T00:08:00Z
573,2026-01-02,direct,none,(direct)-573,desktop,2,34,2026-01-02T09:06:00Z
574,2026-02-13,direct,none,(direct)-574,mobile,12,347,2026-02-13T07:19:00Z
575,2025-05-10,direct,none,(direct)-575,tablet,6,787,2025-05-10T04:50:00Z
576,2026-04-26,direct,none,(direct)-576,tablet,2,681,2026-04-26T08:18:00Z
577,2025-11-27,direct,none,(direct)-577,tablet,7,829,2025-11-27T14:18:00Z
578,2026-04-11,direct,none,(direct)-578,tablet,3,573,2026-04-11T01:11:00Z
579,2025-05-14,direct,none,(direct)-579,tablet,9,700,2025-05-14T17:59:00Z
580,2026-02-07,direct,none,(direct)-580,desktop,1,404,2026-02-07T07:48:00Z
581,2025-09-24,direct,none,(direct)-581,mobile,9,667,2025-09-24T22:01:00Z
582,2026-03-11,direct,none,(direct)-582,desktop,8,581,2026-03-11T18:49:00Z
583,2025-05-30,direct,none,(direct)-583,tablet,3,109,2025-05-30T07:52:00Z
584,2026-03-05,direct,none,(direct)-584,tablet,12,745,2026-03-05T14:16:00Z
585,2025-08-01,direct,none,(direct)-585,tablet,7,620,2025-08-01T18:00:00Z
586,2025-09-11,direct,none,(direct)-586,mobile,9,340,2025-09-11T11:58:00Z
587,2025-12-09,direct,none,(direct)-587,mobile,10,595,2025-12-09T09:44:00Z
588,2026-04-29,direct,none,(direct)-588,desktop,9,787,2026-04-29T08:11:00Z
589,2026-01-20,direct,none,(direct)-589,tablet,1,864,2026-01-20T13:38:00Z
590,2025-11-07,direct,none,(direct)-590,tablet,11,60,2025-11-07T22:19:00Z
591,2025-10-01,direct,none,(direct)-591,desktop,9,632,2025-10-01T17:27:00Z
592,2025-04-08,direct,none,(direct)-592,mobile,2,755,2025-04-08T01:24:00Z
593,2025-09-17,direct,none,(direct)-593,mobile,8,256,2025-09-17T07:28:00Z
594,2026-04-23,direct,none,(direct)-594,mobile,6,464,2026-04-23T01:05:00Z
595,2025-10-22,direct,none,(direct)-595,mobile,3,464,2025-10-22T13:05:00Z
596,2025-07-24,direct,none,(direct)-596,mobile,11,583,2025-07-24T02:19:00Z
597,2026-01-26,direct,none,(direct)-597,tablet,1,153,2026-01-26T11:14:00Z
